ir,red,heart_rate,gsr,cortisol
2243,1230,60,73,14.71
2219,1183,48,15,10.39
2240,1241,43,58,12.7
2246,1268,54,59,12.77
2222,1275,57,62,13.02
2258,1277,50,57,13.48
2263,1309,61,55,13.54
2229,1272,61,63,13.35
2279,1280,62,57,12.82
2242,1278,57,57,12.64
2289,1273,49,58,12.82
2252,1262,63,59,13.32
2272,1319,60,59,12.85
2264,1271,58,58,13.46
2245,1236,53,180,15.6
2228,1267,38,54,12.81
2272,1264,41,50,14.69
2266,1266,63,64,13.16
2217,1301,54,59,13.28
2143,1236,61,64,13.51
2123,1188,58,68,13.73
2167,1277,54,78,13.66
2188,1244,60,73,13.66
2228,1245,55,80,14.19
2185,1255,62,76,14.68
2182,1237,50,81,13.84
2153,1272,54,84,13.83
2186,1230,58,80,13.86
2182,1208,58,83,14.05
2164,1198,58,81,13.92
2185,1224,56,81,13.66
2167,1181,55,80,13.94
2151,1255,55,83,14.14
2195,1261,61,83,13.41
2229,1247,54,91,13.64
2242,1258,80,1323,19.59
2265,1304,86,1451,19.45
2250,1276,86,1253,19.25
2276,1290,104,1991,20.05
2247,1264,121,1535,19.75
2313,1271,90,1456,19.76
2251,1278,107,2043,20.58
2221,1279,95,1648,19.4
2245,1294,96,1506,19.15
2221,1249,84,1509,20.12
970,781,89,1447,19.78
11448,13777,89,1210,19.31
191031,139376,82,1069,18.84
191354,139523,81,1051,18.73
190991,139415,74,1059,18.55
190907,139410,82,1104,19.3
190866,139318,82,1101,18.92
190352,138914,88,1117,18.62
190023,138333,82,1115,18.78
190191,138098,77,1089,18.78
190301,138078,83,1088,18.89
190213,137869,74,1072,18.72
189940,137351,75,1021,19.3
189970,137366,80,1023,19.34
189975,137270,82,1033,18.47
190322,137311,81,960,18.63
190688,137551,83,970,18.33
190514,137422,81,977,19.23
190483,137386,74,961,18.86
1657,1260,87,1257,19.36
2093,1257,85,1327,19.87
2170,1224,87,1347,19.3
2078,1202,73,993,18.48
2141,1212,85,1469,21.7
2137,1247,95,1482,19.76
2173,1263,90,1328,19.68
2132,1175,67,799,18.56
2145,1218,72,715,17.72
2170,1273,91,1392,19.28
2230,1230,85,1049,18.44
2169,1274,87,1402,19.13
2253,1228,80,1066,19.05
2240,1320,82,990,19.24
2227,1258,72,777,18.51
2226,1246,72,989,19.14
2270,1312,71,926,18.4
2238,1305,71,858,18.92
2241,1314,73,805,18.86
2247,1273,68,720,17.89
2204,1239,69,654,17.84
2262,1289,76,656,18.42
2251,1297,66,753,20.54
2202,1245,71,726,18.3
2252,1314,74,718,18.18
2298,1282,71,711,18.22
2257,1294,65,731,18.45
2255,1226,68,741,18.67
2225,1287,55,737,18.23
2261,1330,71,761,18.65
2193,1232,66,711,18.08
2229,1281,76,699,18.02
2261,1307,68,708,18.37
2252,1276,68,710,18.6
2254,1271,66,717,18.25
2263,1308,68,785,18.43
2189,1314,116,1456,20.17
2227,1287,86,1399,19.75
2229,1307,86,1442,19.81
2202,1230,96,1457,19.87
2244,1271,98,1502,19.76
2222,1289,93,1667,19.75
2201,1242,98,1533,19.91
2240,1244,94,1499,19.53
2213,1281,83,1456,19.74
2224,1279,93,1456,19.95
2231,1280,95,1413,19.77
2251,1296,89,1422,19.82
2242,1334,90,1437,19.72
2215,1239,88,1439,20.91
2230,1312,88,1453,20.0
2224,1279,96,1430,19.63
2245,1307,83,1448,19.31
2268,1277,94,1459,19.62
2232,1288,87,1497,20.08
2242,1265,86,1481,19.54
2220,1294,85,1458,19.48
2209,1258,93,1467,19.11
2242,1277,95,1484,19.41
2187,1309,84,1496,19.29
2203,1257,85,1443,19.76
2244,1299,95,1457,19.84
2214,1309,81,1197,18.85
2276,1281,91,1245,19.51
2245,1281,80,1239,19.64
2211,1270,89,1264,19.65
2200,1246,91,1247,19.73
2217,1281,67,1275,19.28
2264,1316,82,1307,18.93
2206,1244,81,1295,19.81
2166,1222,69,878,18.89
2273,1286,69,419,17.5
2240,1274,70,476,17.39
2247,1272,86,596,17.29
2247,1281,77,956,18.33
2259,1330,73,923,18.93
2246,1317,76,917,18.43
2245,1288,72,630,18.21
2262,1296,75,645,17.53
2233,1261,87,1419,19.37
2234,1308,94,1507,19.97
2264,1321,88,1464,19.99
2263,1319,85,1473,19.64
2252,1306,90,1515,19.55
2233,1272,91,1532,19.97
2211,1243,87,1569,21.83
2243,1334,91,1615,19.54
2223,1285,91,1606,20.25
2227,1277,88,1628,19.92
2238,1285,95,1626,19.66
2250,1274,92,1603,19.6
2203,1229,94,1561,19.26
2224,1267,87,1535,19.94
2258,1276,91,1529,19.62
2219,1284,88,1527,20.13
2274,1275,86,1520,19.67
2242,1246,108,1520,19.62
2211,1304,90,1501,20.03
2207,1236,93,1470,19.73
2201,1317,84,1520,19.18
2276,1302,91,1488,19.32
2251,1300,94,1527,19.54
2244,1288,89,1389,19.69
2248,1291,88,1469,19.64
2247,1281,91,1506,19.34
2239,1285,90,1554,19.79
2254,1256,96,1574,19.43
2250,1266,91,1603,19.71
2214,1253,87,1612,19.48
2239,1263,90,1638,20.04
2211,1269,89,1616,19.31
2246,1308,96,1513,19.45
2230,1274,91,1530,19.96
2240,1275,96,1600,19.87
2224,1236,91,1605,19.8
2289,1262,99,1602,20.17
2214,1207,88,1593,19.41
2246,1271,90,1578,19.48
2243,1252,91,1613,19.63
2210,1266,98,1553,19.67
2231,1272,99,1590,19.8
2230,1280,93,1676,19.44
2253,1282,92,1652,20.32
2234,1281,92,1671,19.63
2229,1285,94,1642,19.88
2267,1275,99,1648,19.37
2207,1258,87,1626,19.32
2238,1236,95,1603,19.51
2204,1233,90,1595,19.4
2216,1317,99,1591,19.57
2248,1306,89,1593,19.58
2214,1280,87,1584,19.67
2275,1244,95,1526,20.08
2237,1275,86,1497,19.97
2174,1211,88,1535,19.95
2243,1270,88,1535,19.96
2235,1276,91,1584,19.25
2260,1287,83,1445,19.21
2264,1304,96,1495,19.71
2240,1242,77,879,18.31
2243,1283,78,1075,19.0
2249,1278,71,593,17.36
2256,1312,94,1563,19.93
199661,144384,78,746,16.07
197699,143250,100,667,17.74
196117,141954,68,627,17.73
195451,141753,83,568,17.76
194487,141715,68,545,17.15
194988,141978,88,511,17.77
195530,141932,125,496,16.99
195320,141904,136,477,17.17
193087,140557,65,459,17.33
193939,141125,88,429,16.72
186307,137341,107,863,18.17
190908,140288,107,807,18.49
188502,139110,166,1273,19.3
191552,141782,150,1300,19.62
86001,78459,125,912,18.7
1650,1166,166,1315,18.9
1713,914,150,1101,18.86
1814,967,73,528,17.55
1798,935,85,1461,19.94
1843,995,96,1800,20.43
1871,1015,101,1701,19.59
1828,975,96,1696,20.11
1937,1055,40,1172,19.1
1913,993,92,1264,17.95
1803,981,81,1204,19.03
1820,974,97,1603,19.27
1806,979,89,1466,19.1
1881,970,83,1424,19.41
1854,977,93,1411,19.83
1851,988,87,1406,19.04
1821,1022,87,1394,19.79
1851,1014,82,1377,19.81
1845,952,81,1344,19.63
1853,976,94,1333,19.24
1832,956,91,1377,19.6
1859,971,89,1377,20.53
1791,875,82,1381,19.84
1849,1001,93,1374,19.14
1845,985,89,1353,19.82
1840,963,81,1333,19.73
1858,1022,79,1163,19.3
1841,1002,75,1129,19.21
1804,996,78,1108,19.23
1850,954,75,1104,19.34
1852,989,86,1084,18.66
1865,987,52,1121,19.0
1849,1022,79,1142,18.75
1844,993,84,1152,18.83
1851,969,55,240,15.55
1880,976,67,505,17.43
1857,979,75,666,18.06
1852,1007,77,1009,18.42
1915,986,83,1156,18.76
1837,1001,85,1121,19.34
1855,985,73,926,19.04
1867,1001,71,753,18.7
1864,969,75,1040,18.76
1864,1047,79,1072,19.0
4287,2343,74,745,18.33
196621,142281,70,527,17.58
195666,141939,64,543,18.0
196615,142324,65,592,17.99
196814,142454,76,571,17.72
196889,142580,71,704,17.73
195662,142246,77,710,18.61
195007,142348,71,607,17.53
196224,143083,71,598,18.15
195406,143107,65,528,17.85
194439,142940,67,459,17.52
195488,143303,65,463,17.08
196838,143965,71,444,17.15
196686,144141,63,445,17.08
194872,143593,58,400,17.49
194914,143543,68,371,16.44
0,145376,70,501,17.61
993,794,68,417,17.44
803,635,58,242,17.24
932,693,66,314,16.63
180502,136181,56,274,15.95
191234,140473,57,294,16.15
193605,141364,59,333,16.91
190159,140275,70,338,16.6
190570,140418,58,336,16.94
188255,139609,72,565,17.7
187495,139130,74,569,17.7
188024,139616,72,550,18.91
189660,140228,41,541,17.15
188772,139797,64,530,17.79
187876,139518,72,527,17.96
192090,141093,73,529,17.55
196457,143035,68,475,17.8
196571,143167,72,615,17.43
199071,144366,69,619,18.77
199203,144720,65,637,18.0
199547,144638,75,650,17.74
200160,144960,76,646,17.8
199697,144753,71,645,17.7
201315,145385,74,658,18.23
200612,145135,71,669,17.63
200953,145206,70,649,18.42
200519,145018,65,658,18.02
192753,141476,77,916,18.44
191048,140713,77,911,18.79
190038,140165,83,921,18.88
188818,139331,82,921,18.68
190362,139784,90,905,18.84
191665,140600,82,906,18.45
193343,140708,78,912,18.64
194799,141373,79,819,18.23
195773,141764,72,784,18.09
195748,141460,67,784,18.74
195418,141279,72,774,18.25
196876,142044,70,777,18.13
195951,141600,71,784,18.07
195387,141265,87,777,17.92
196301,141624,80,789,18.81
196601,141618,79,784,18.76
196577,141729,72,784,18.47
195824,141471,78,784,18.58
196847,141753,68,777,18.41
198544,142419,74,716,17.87
198935,142652,66,711,18.4
198719,142546,73,708,18.35
197175,142094,69,752,17.88
197666,142264,78,689,17.83
198365,0,69,867,18.19
195694,139024,64,566,17.81
50532,52156,79,1245,19.19
1086,870,77,1104,18.59
874,615,83,966,18.94
891,678,73,1040,19.31
1995,1123,139,3402,21.24
1977,1154,128,2795,21.05
1980,1115,100,1925,20.61
2009,1101,61,46,12.63
2044,1126,59,16,10.21
2035,1130,59,1,5.93
2101,1867,158,4095,21.64
0,797,125,3216,20.8
1479,1041,131,3255,21.02
946,740,99,1897,20.28
3348,1976,63,626,17.7
3326,2600,58,160,15.11
2937,2341,78,1081,19.34
153377,140193,66,432,17.2
160575,127465,63,378,17.37
186535,138555,74,589,18.08
177718,131126,67,462,16.85
184056,135059,69,410,16.83
173818,128582,66,400,17.01
151561,118268,60,393,16.85
108257,95257,59,425,16.61
106252,93279,63,462,17.6
89892,79699,69,358,16.51
190964,137602,74,735,17.99
190167,137207,69,645,18.44
186498,135179,72,634,17.65
186606,135338,71,592,17.68
186949,134948,71,606,17.87
186586,134513,69,707,17.75
185326,133838,91,754,18.61
995,803,72,851,18.48
1362,1012,68,781,18.06
1343,961,70,498,17.75
1378,1031,73,777,19.56
1406,1006,73,496,17.11
1552,1158,62,141,15.02
1624,1181,72,449,17.3
1610,1115,66,699,18.58
151966,124709,75,706,17.76
193668,140131,73,702,18.57
193671,139937,73,729,18.36
193337,138734,70,721,17.91
191800,138125,71,734,18.0
191790,138014,71,720,17.95
190025,137334,74,721,18.3
189679,137006,73,714,18.28
189923,136956,78,715,17.76
190051,136899,72,699,17.82
189287,136527,76,703,18.44
189591,136592,75,675,18.19
190190,136845,70,663,18.1
190307,136871,71,656,18.44
189565,136495,76,667,17.85
189519,136489,69,651,17.95
188963,136271,89,643,18.05
188409,136094,67,635,18.02
188748,136224,70,630,17.81
188556,136327,73,621,17.66
188909,136593,70,602,17.07
188346,136425,69,592,17.73
188288,136458,70,593,17.88
188997,136740,68,606,17.36
190479,137375,63,587,17.43
190010,137190,67,581,17.9
190666,137519,65,574,17.57
191059,137751,62,560,18.16
190917,137922,65,539,17.95
191004,138066,68,533,17.41
191353,138044,63,507,17.79
192018,138636,73,491,17.19
191255,138290,72,482,17.7
192205,138819,64,475,16.87
191963,138735,68,469,17.45
192092,138819,70,470,17.49
191571,138600,61,463,16.78
192578,138980,63,458,16.88
191973,138913,69,454,17.21
191199,138586,66,445,17.54
190162,138135,63,427,17.13
190592,138193,63,427,16.93
192133,139004,69,413,17.09
192390,139085,58,373,17.29
192166,139044,69,387,17.04
191196,138707,60,389,16.48
190208,138452,65,379,16.83
186523,135296,69,375,16.38
184664,134268,64,375,16.79
187162,135687,65,368,16.55
188215,136348,60,354,16.79
188237,136249,57,347,17.12
188523,136387,65,343,16.59
188991,136502,61,339,16.49
189115,136442,65,336,14.83
189181,136392,63,336,16.5
188975,136169,65,331,16.19
189179,136124,58,322,16.14
188839,135914,58,319,16.94
188708,135915,59,320,16.52
188583,135886,60,315,16.63
187563,135728,62,311,16.38
187585,135733,70,320,16.53
188082,135934,64,311,16.56
187687,135916,69,315,16.07
187558,136034,60,310,16.55
187907,136277,58,314,16.91
189498,136952,65,306,16.9
189604,137246,56,310,16.51
189891,137137,59,305,16.3
189785,137088,57,297,16.83
189405,137004,64,291,16.17
190693,137736,57,299,16.05
189629,137449,66,288,16.55
190526,138017,62,287,16.3
191210,138483,80,293,16.83
191234,138738,65,295,16.44
191070,138577,60,291,16.54
0,137694,57,285,16.0
190051,138390,55,273,16.11
192294,139887,68,262,16.35
194046,140886,68,266,16.72
193894,140222,55,265,16.59
193420,139666,59,263,16.25
193453,139596,71,250,16.23
189749,137588,58,254,15.94
188896,137211,62,251,16.54
189283,137729,56,245,16.29
190221,138458,57,245,15.92
189271,137951,54,251,16.01
190234,138558,61,242,16.16
189567,138306,54,251,16.36
190549,138745,58,246,15.69
190240,138860,62,251,16.08
191429,139257,55,252,16.5
191045,139128,54,243,15.78
191708,139200,63,254,16.15
191264,139024,56,245,16.31
190512,138575,59,250,15.66
189250,138081,65,208,16.14
189288,138349,55,235,16.35
189296,138434,62,241,16.14
190437,139180,64,233,15.64
191118,139605,66,240,16.43
191459,139725,65,240,15.85
191993,139944,60,234,15.51
190427,139334,55,213,15.8
190390,139481,53,207,15.83
188402,138548,55,224,15.53
187566,138235,65,231,15.78
189240,138834,60,214,15.78
188450,138496,66,211,16.19
189473,139438,58,213,15.63
190399,139874,56,217,15.59
189741,139644,65,217,15.29
188630,139286,58,213,16.07
187870,139059,55,198,15.26
187553,139088,66,186,15.35
187029,138804,55,192,15.64
187823,139141,57,192,16.01
188982,139386,57,191,15.04
189245,139422,85,198,15.77
189273,139614,63,196,15.28
189339,139570,67,192,15.22
189529,139890,63,190,15.85
190031,140045,64,190,15.66
189607,139984,55,193,15.43
189906,139802,65,185,15.34
189441,140046,58,192,15.79
189923,140130,65,187,15.27
190816,140448,61,190,15.17
191438,140500,59,186,15.18
191063,140297,63,189,15.37
191364,140382,63,180,15.86
191445,140300,66,181,15.18
191475,140289,59,176,15.27
191806,140190,57,179,15.3
191520,140211,65,177,15.57
190807,139830,62,176,15.67
190112,139598,58,176,15.64
189951,139789,64,181,14.92
189668,139914,71,175,15.31
187524,138866,52,100,14.46
187320,138496,52,116,14.47
185975,138007,57,122,14.43
185293,137805,60,132,14.31
161306,126278,125,2967,21.07
185995,138103,54,90,14.0
182292,136643,101,1931,19.92
182341,136594,107,1963,19.89
182286,136531,108,1968,20.25
189805,139257,103,1895,19.87
189332,139208,98,1531,19.42
189421,139244,78,1079,19.03
189967,139676,80,967,18.66
189640,139549,123,2589,20.89
190127,139737,102,2167,20.68
190091,139654,102,2011,20.43
190447,139817,109,2237,20.82
191221,140026,101,2090,20.02
191126,140099,109,2112,20.28
190638,139842,108,2179,19.91
187633,137614,82,1107,18.91
175148,129051,110,2163,20.5
181004,130737,77,960,19.04
180649,130126,84,959,19.22
179294,129428,81,926,18.23
179597,129402,72,967,18.67
178617,129118,76,975,18.48
178309,128990,81,1008,18.84
176911,128473,79,995,18.82
175833,128198,74,1014,18.87
176578,128519,83,1023,19.36
178037,128974,98,1074,18.74
188705,133488,88,1182,19.03
168452,124868,81,1107,19.16
172297,126044,78,1178,19.33
172518,126136,87,1209,19.14
172674,126039,89,1314,19.84
172543,125966,82,1372,19.38
178782,127953,69,746,18.27
175482,126670,79,813,18.33
177020,127559,76,811,18.79
177554,127855,78,746,18.24
178891,128486,67,735,18.03
178866,128561,79,730,18.23
178602,128555,69,343,16.3
179027,128730,69,430,16.99
179215,129084,69,509,17.79
178056,128763,73,531,17.87
178707,128953,64,594,18.22
179307,129063,67,608,18.09
179510,129160,75,606,18.16
178635,129229,72,581,17.99
178666,129356,66,570,18.1
179872,129897,72,719,18.13
180042,129930,68,705,18.08
179457,129806,74,689,17.83
179209,129804,71,656,17.99
179445,129891,68,656,17.67
179087,129638,67,655,17.97
181278,130206,78,693,18.2
184231,130932,73,702,17.76
184591,130582,77,695,17.67
185450,130855,68,704,17.64
185717,130796,73,711,18.46
185907,130727,64,681,18.03
185646,130587,98,677,17.96
185350,130386,77,695,17.89
184442,130004,63,693,18.13
184460,130029,72,699,17.72
183728,129747,68,688,18.39
183002,129874,75,704,18.04
185846,130884,70,806,18.31
186277,131024,69,786,18.63
186886,131110,72,790,17.9
186457,130634,73,784,17.9
185722,130102,74,794,18.12
183964,129532,72,778,18.24
183014,129371,72,815,18.13
182258,129534,76,828,18.11
181696,130109,80,807,18.58
181975,129996,73,827,18.57
179487,129437,67,848,18.96
182333,130626,74,800,18.2
182050,130649,69,858,18.42
182881,130900,74,880,18.98
182769,126860,78,861,18.85
186225,128037,72,862,18.26
185902,127566,78,880,18.36
184986,126986,81,944,18.26
182836,130644,74,944,18.44
182542,130583,59,965,18.44
183285,130645,71,944,18.87
182269,130091,81,960,18.31
181966,130001,74,960,18.55
181989,129981,78,944,18.35
180550,129600,78,944,18.55
182206,130063,73,918,18.35
182311,130155,84,933,18.42
181943,130045,77,922,18.48
181248,129809,75,907,18.91
181009,129704,80,939,18.97
180805,129670,72,921,18.26
181310,129984,73,914,19.07
181936,130087,111,933,19.04
181431,129990,75,913,18.69
181145,129892,71,912,19.08
181134,129765,102,892,18.23
181353,129888,83,896,18.93
181455,129918,74,901,18.7
180865,129736,79,897,18.85
182383,130188,77,892,20.29
181361,129895,76,888,18.85
182585,130090,74,900,18.83
181932,129959,80,887,18.38
181264,129803,73,864,18.16
181248,129676,59,960,17.15
180526,129428,75,919,18.53
181568,129672,76,912,18.34
181129,129559,82,881,20.56
181171,129367,74,887,20.58
179605,129033,76,893,16.61
179169,128844,71,886,18.39
179398,129107,77,880,18.69
178786,128791,75,873,18.84
178733,128883,69,870,18.53
178407,128754,74,874,18.37
180136,129462,72,870,18.17
180825,129736,78,880,18.32
181656,129985,83,883,18.76
183269,130276,81,909,18.72
181405,129634,80,911,18.29
180473,129386,78,894,18.96
181263,129620,79,909,18.77
179293,129071,57,879,18.34
170929,129202,75,817,18.18
179737,129478,71,847,18.7
180773,130022,74,849,18.9
182105,130504,77,854,18.36
183074,130889,81,853,18.4
182256,130634,71,863,18.5
182653,130509,69,865,17.81
181153,130208,80,899,18.86
181717,130168,76,907,19.1
179986,129581,82,890,18.47
179352,129413,73,900,18.52
179586,129285,70,897,19.09
181243,129920,73,945,19.15
179512,129558,82,942,19.19
179898,129497,75,954,18.8
180164,129528,77,905,18.25
179877,129423,75,909,18.7
179705,129455,81,895,20.48
178243,129001,81,907,18.35
178267,129065,74,912,18.55
176696,128301,82,901,18.65
178882,129166,71,946,18.48
180957,129859,83,926,18.26
175135,128137,72,960,18.85
179984,129792,72,1003,18.65
174436,127975,80,1071,18.57
174781,128317,87,1108,19.03
175334,128431,90,1169,19.0
178397,129308,89,1257,19.23
176932,128873,87,1264,19.04
177368,128896,90,1249,19.6
179922,129918,83,1222,18.94
177547,129051,84,1188,19.29
177878,129043,86,1195,19.58
176199,128378,77,1203,18.94
178283,129215,90,1184,19.62
175277,126832,90,1345,19.73
171152,126689,87,1277,19.4
177186,128640,79,1198,18.92
178804,129129,80,1185,19.33
179307,129347,83,1167,19.34
179151,129255,78,1137,18.99
178773,129149,88,1125,18.81
179546,129423,75,1086,19.04
182059,130366,79,1111,18.81
182847,130819,76,1123,18.82
177319,128822,82,1190,19.22
184873,130987,84,1360,19.41
185518,130923,89,1383,19.77
185161,130472,95,1456,19.81
185343,130453,75,1114,18.56
185153,130327,79,1095,18.68
184943,130069,83,1183,19.24
181894,129394,92,1328,18.94
183039,129535,92,1345,19.89
181621,129390,93,1323,19.65
182212,129559,72,1237,18.77
181709,129370,74,938,18.9
182450,129618,81,948,19.09
181559,129299,74,852,18.71
181439,129325,78,1139,19.25
180391,128831,83,1174,19.1
180047,128724,89,1168,18.79
180658,129051,80,1185,18.92
180134,128930,85,1170,19.56
179937,128850,76,1168,19.37
179047,128917,86,1182,19.61
179356,129060,83,1161,18.91
179808,129276,77,1159,19.24
178837,128940,89,1168,19.37
179209,129179,83,1173,18.88
179980,130269,84,1303,19.52
174086,125379,79,1110,19.48
32929,19264,90,1209,19.2
191445,135606,80,1162,18.79
192666,136299,112,2209,20.87
193823,137568,107,2235,20.66
194629,138055,107,2343,20.1
196243,139099,118,2378,20.56
196480,139427,116,2325,20.16
197114,139625,106,2318,20.9
194302,138869,107,2351,20.55
195007,139249,114,2295,20.59
194526,139188,108,2257,20.72
194149,139101,116,2261,20.14
192105,138511,103,2279,20.17
191783,138499,113,2288,19.97
192367,138582,116,2297,20.05
188766,137202,112,2282,20.28
187049,136807,104,2279,20.91
186823,136505,116,2369,21.04
181834,134986,114,2368,20.31
187871,136934,113,2363,20.95
185708,136309,117,2400,20.25
186367,136569,113,2375,20.14
186700,136530,106,2385,21.04
185947,136612,118,2391,20.63
185686,136434,109,2384,20.83
188989,137720,109,2368,20.54
192150,138650,111,2353,21.15
190326,138078,107,2087,20.44
190270,137996,101,2043,20.63
194563,139624,103,1964,20.45
190615,138104,99,2032,20.05
193233,138918,107,2037,20.34
191335,138432,109,2015,20.36
186586,137061,87,1419,19.74
188339,137046,93,1639,20.09
182148,135016,107,2016,20.05
177692,133401,81,976,18.62
176877,133055,104,2032,20.14
176073,133012,94,1600,19.77
177164,133573,102,1867,20.15
178141,134180,106,2288,20.2
180864,135132,101,1856,20.21
176098,133442,97,1535,19.87
177274,134343,104,2256,20.58
175994,133658,95,1914,20.05
175999,133986,96,2015,19.81
177791,134238,83,985,18.56
181874,135295,84,1168,19.78
179580,134582,83,1309,19.14
180086,134627,99,1807,19.53
178325,134048,98,1877,20.52
180452,134626,94,1799,19.96
180744,134550,104,1795,20.41
179076,133957,96,1790,20.39
179922,133452,103,1891,20.42
181081,134691,98,2027,20.13
179943,134535,105,2093,20.24
176994,133330,106,1953,20.14
178181,134048,108,2096,20.27
178574,134578,113,2132,19.59
177206,133792,106,2091,20.34
177642,134230,102,2218,20.9
177527,133996,109,2291,20.5
177358,134181,113,2351,20.96
178102,134460,115,2345,20.98
177604,134457,115,2361,20.36
177138,134006,109,2224,20.68
174392,132724,83,1067,18.82
180886,135552,124,3117,21.13
175279,133345,127,2992,21.08
177889,134500,124,2803,20.31
176523,133877,139,3360,21.29
176561,133874,147,3838,21.66
174463,133544,129,3136,20.82
175226,133710,130,3283,20.78
174254,133267,131,3339,20.78
175958,133828,139,3309,21.65
179833,134677,146,3850,21.4
173288,130180,60,112,14.15
180780,134099,61,4,7.76
180524,133709,59,185,15.89
173384,130759,65,182,15.41
162143,124642,55,212,15.88
155301,120863,65,187,15.41
153950,120957,56,255,15.81
164604,126665,65,159,15.0
168012,128088,54,120,14.49
165695,126550,53,113,14.32
164777,126192,60,128,14.34
163030,125115,33,127,14.82
162676,125152,57,123,14.81
161516,124318,62,112,14.11
174243,131543,51,54,12.97
178328,133488,53,66,13.75
177416,132379,64,144,14.49
177415,132549,58,166,15.14
183818,134988,65,128,15.06
183259,134848,51,11,9.66
182047,134356,54,135,15.11
182910,134933,81,230,16.29
183535,135259,55,170,15.44
179454,133178,55,104,14.21
182537,134366,67,224,15.98
176995,131428,50,60,13.07
177968,131947,55,149,14.85
177483,131606,61,162,14.77
177302,131553,64,154,15.42
177432,131769,65,146,15.38
177400,131918,43,142,14.76
177772,132431,62,155,15.27
178391,132560,61,149,14.78
175404,131315,55,155,14.74
173681,130512,63,169,15.0
172932,130324,53,206,15.22
175733,131603,65,212,15.78
180705,133392,77,663,18.0
180111,133131,68,689,18.28
179470,132906,75,609,17.47
178524,132772,55,265,14.91
178012,132821,62,270,16.53
178757,133131,62,227,15.36
179574,133753,61,445,17.42
2098,1165,75,896,18.51
141295,120139,77,975,18.66
3717,4556,75,704,17.76
183043,132427,73,560,17.5
181880,131957,81,795,17.95
174799,129217,65,365,17.26
178836,129019,61,413,17.12
171816,128263,72,656,17.66
171921,128279,67,735,18.27
174722,129134,72,722,18.27
172475,128363,66,720,18.63
168424,126900,79,838,18.08
172494,128354,72,778,18.54
176911,129623,79,656,18.34
180525,130773,65,496,17.61
181389,130946,59,390,15.3
181762,131017,54,224,15.68
181759,130883,62,455,17.21
181912,130970,74,564,16.64
182939,131335,77,639,18.06
184025,131797,72,663,18.01
182593,130935,78,763,18.58
182852,131047,70,752,18.25
181917,130638,79,752,18.42
182269,130810,76,740,18.25
182279,130883,63,486,17.25
180599,130328,67,570,17.91
180484,130396,63,593,17.91
180581,130635,72,590,17.96
178727,130077,70,576,17.28
179851,130634,66,642,17.76
180463,130904,74,750,17.83
180362,130832,67,720,17.76
179403,130720,76,699,17.97
180021,130891,68,726,18.39
178508,130452,69,720,18.5
179425,130693,70,722,17.88
176896,129918,65,709,18.03
177859,130215,72,721,18.08
176559,130042,76,713,17.91
175246,129605,73,724,18.04
174596,129443,66,759,18.3
177714,130412,71,799,17.15
177704,130671,72,809,18.03
176194,130085,76,793,18.76
174528,129622,68,781,18.27
175809,129967,68,756,20.05
175653,129705,74,698,20.45
169609,127601,68,790,18.68
165072,125646,81,832,18.48
166537,125955,71,784,18.59
166641,126386,77,703,18.35
169464,127424,75,739,18.04
174124,129427,74,868,18.35
172779,128758,70,836,18.54
170152,127940,69,835,18.6
170549,128322,69,821,17.95
179809,131622,75,822,18.86
171644,129397,74,807,18.3
170370,128745,81,796,17.89
169818,128623,74,787,18.69
171071,129047,80,780,18.76
168218,127810,74,775,15.92
0,133713,87,457,17.19
181804,133436,71,476,17.23
183562,133961,65,493,17.07
181828,133455,65,542,17.3
183184,133908,44,558,17.88
182140,133602,63,528,17.15
181909,133515,66,522,17.31
181066,133122,73,500,17.21
181471,133304,73,501,17.5
180863,133220,74,511,17.1
182525,133710,65,475,17.63
181071,133232,61,487,16.92
179874,132958,66,479,17.82
180549,133227,66,496,17.58
180414,133086,64,493,16.29
181936,133562,62,497,16.13
179935,132987,62,542,17.63
181574,133242,65,566,18.1
179041,132655,62,544,18.03
180044,133096,65,528,17.26
179275,132836,67,511,17.5
181538,133333,90,556,17.74
179230,132740,70,493,17.23
177380,132243,73,467,16.97
175263,131558,62,576,18.11
184183,134693,67,413,17.32
178202,132635,68,640,18.03
182000,133871,72,779,18.42
183201,134138,74,784,18.31
181725,133553,72,709,18.25
183604,134090,72,624,17.47
184360,134234,75,674,17.58
182888,133719,70,706,18.23
182853,133694,71,639,18.41
182612,133608,66,623,19.36
179450,132754,66,647,17.45
180839,133177,66,671,18.13
179781,132819,69,676,17.86
180819,133378,72,752,18.06
178776,132755,74,771,16.96
176914,132270,73,752,17.77
178556,132857,69,708,18.08
178120,132778,76,703,18.25
183097,134165,71,742,17.91
179256,133119,75,735,18.62
177734,132672,55,699,17.81
174883,131762,70,733,17.72
175680,131820,78,702,17.74
177923,132660,74,688,18.55
176057,132147,81,783,18.02
177299,132546,74,725,18.35
176309,132304,74,744,18.06
176144,132065,70,816,18.48
177348,132426,76,837,18.75
179043,133006,53,802,18.09
179409,133094,81,831,17.97
179103,132820,71,883,18.81
180088,133269,82,869,18.15
180840,133333,72,873,18.65
184043,134317,70,905,18.7
184258,134284,70,852,18.9
184590,134294,82,870,18.49
183789,134183,77,859,18.54
183669,134149,74,913,18.48
183282,134038,76,849,18.53
182053,133677,78,843,18.78
182441,133877,73,832,18.46
186379,135724,70,780,18.58
184832,135012,78,816,18.01
183950,134740,71,818,18.87
181466,133812,50,802,18.74
181844,133878,71,747,18.55
178195,132769,71,856,18.98
181550,133954,75,774,18.76
182745,134139,73,832,18.28
183983,134590,69,832,18.75
179994,133189,72,822,18.32
174358,131741,72,907,18.54
180929,133578,75,885,18.61
187227,135305,82,932,18.82
189423,135712,80,834,18.08
190065,135863,74,887,18.66
190614,135987,77,954,18.73
191583,136426,79,918,18.85
191835,136344,82,975,19.19
192235,136220,78,919,18.65
192358,136232,75,913,19.0
192210,135990,82,850,18.89
191571,135563,76,985,19.22
190917,135227,73,1041,18.44
190255,134959,83,1040,18.61
189609,134745,73,983,19.14
188643,134487,75,1009,18.97
187078,134312,79,1011,19.25
186945,134356,79,991,19.11
186948,134374,76,995,19.1
186849,134364,102,999,18.4
186304,134226,72,547,18.09
185728,134137,55,66,12.97
186024,134297,65,527,17.42
185020,133917,75,785,18.42
185624,134158,73,701,18.61
185288,134106,74,591,18.22
184492,133900,73,631,18.26
184790,133934,73,525,17.73
185139,134091,71,524,17.77
184774,133983,61,511,17.1
185515,134189,70,528,17.93
184450,133904,69,875,18.12
183625,133672,77,875,18.58
182750,133438,78,855,18.05
184077,133971,68,613,17.68
182461,133599,75,573,18.06
181948,133464,66,624,18.0
182886,133610,69,720,17.97
181816,133500,71,928,18.91
180607,133174,80,872,18.68
179609,132900,66,693,18.27
180083,133057,66,583,17.47
176175,131732,73,753,18.56
176802,132088,69,783,18.48
178589,132717,79,823,18.63
179911,133151,81,800,18.44
177896,132495,72,783,17.06
176547,132076,73,784,17.98
177155,132314,71,784,18.15
179051,132868,66,727,18.5
179388,132884,73,703,18.53
179273,132697,69,422,16.98
178908,132673,71,698,18.6
179040,132753,69,656,17.71
178087,132552,70,715,17.85
173991,130978,78,704,18.44
172724,130717,77,734,17.86
173409,131053,68,704,18.45
195470,138231,63,205,15.63
193716,136712,66,290,15.9
190471,134980,71,593,17.42
191057,135035,69,495,17.73
190915,134480,78,736,17.93
192509,135763,77,1163,19.55
185591,131538,50,912,18.35
189748,135213,75,906,18.18
184267,132026,78,880,18.27
182738,131033,74,838,18.13
181546,130781,79,830,18.65
188750,134985,80,823,17.95
189066,135105,69,830,18.17
187506,134318,76,805,18.84
186822,134029,74,822,18.61
185707,133589,75,809,18.47
185889,133064,72,796,18.66
183457,132695,72,813,18.41
188198,135036,68,795,18.85
188139,135024,67,784,18.77
186421,133924,66,768,18.32
178916,129863,88,1210,19.02
0,130470,84,997,18.86
182795,132385,79,1212,19.49
176391,123245,89,958,18.87
180135,125026,71,949,19.02
178923,124467,75,949,18.22
178587,124260,74,939,17.87
178237,123975,80,938,18.78
177573,123700,74,957,18.99
178041,124105,77,951,18.47
178179,124084,89,939,19.14
176853,123431,77,942,18.61
177124,123512,76,923,18.8
178398,124187,70,923,19.12
178302,123846,70,933,18.69
177594,123480,74,918,18.77
178738,124008,76,922,18.21
178670,123859,83,912,18.92
178244,123550,80,912,18.22
178696,123734,74,917,19.0
177894,123147,76,912,18.28
175961,122138,79,924,18.38
175345,121870,83,915,18.3
178015,123320,71,931,19.16
177913,123349,73,925,18.6
177869,123244,78,923,18.25
177221,123034,80,928,18.49
177561,122969,81,907,18.83
177265,123219,79,913,18.53
177505,123291,80,910,17.37
177293,123201,80,927,18.45
177290,123358,76,914,18.54
176844,123275,72,912,18.61
177112,123299,70,907,18.31
177615,123714,78,913,18.89
177700,123740,80,919,18.28
178463,124050,83,912,18.95
177659,123726,81,915,18.94
177803,123814,79,933,18.85
178614,124262,81,928,18.92
179204,124599,71,923,18.66
178571,124231,73,923,19.07
177754,123930,81,918,18.63
177449,123695,82,931,18.55
177421,123746,77,925,18.9
176063,123062,72,917,18.94
174054,122090,72,922,18.88
175235,122743,76,927,18.9
175693,122876,73,912,18.71
175233,122822,71,907,17.72
177216,123897,79,912,18.14
177815,124192,77,917,18.86
177637,124144,77,917,18.63
177882,124200,79,911,18.54
177507,124017,78,904,19.09
177458,124063,81,907,18.94
177500,124081,72,911,18.33
177540,124106,81,917,18.25
176966,123822,80,898,18.37
172087,121652,72,903,18.76
172033,121588,80,901,19.02
173049,122095,76,894,18.38
174130,122448,77,919,18.7
172943,121913,82,912,18.8
172317,121560,82,912,18.57
170049,120565,83,909,18.24
170171,120727,71,900,18.88
170395,120837,73,907,18.34
170068,120746,81,907,18.31
170130,120809,75,924,18.76
169558,120679,72,922,19.06
170289,120859,72,896,18.55
169491,120757,72,891,19.07
169717,121036,77,906,18.93
170023,121029,49,896,18.25
169119,120656,75,906,18.97
167495,120403,73,912,19.03
167559,120556,80,903,18.93
168223,120790,76,912,18.92
169219,121041,75,896,18.96
169479,121244,70,880,18.29
166337,120270,72,880,20.12
166868,120531,64,889,18.73
167550,120802,75,883,18.46
167510,120740,73,900,18.11
166351,120377,71,890,18.31
167244,120434,76,912,18.87
165405,119833,75,880,18.68
165668,119926,77,897,18.56
166029,120529,82,896,18.91
165645,120450,77,833,18.29
168104,121225,75,894,18.1
167438,121045,83,882,18.79
165611,120398,86,878,18.97
165368,120336,77,887,18.43
166606,120711,70,858,18.7
165605,120524,66,880,18.93
165077,120300,74,871,18.14
167448,120931,82,861,18.45
168054,121362,74,845,18.17
166080,120659,80,878,18.66
166484,120612,81,850,18.0
166062,120584,80,864,18.06
165246,120412,70,849,18.28
166116,120504,72,839,18.86
164528,119915,73,851,18.55
164821,120240,82,849,18.11
164647,120010,79,865,18.27
165507,120410,75,858,18.14
165344,120416,72,838,18.87
167015,120923,69,850,18.14
166354,120623,81,849,18.26
166980,120741,70,830,18.06
168687,121328,73,832,18.68
166883,120667,73,819,18.38
165259,119986,78,818,18.66
163073,119447,77,825,18.29
163630,119713,78,812,18.22
162656,119240,76,806,18.08
163172,119523,77,813,18.88
164530,120112,69,810,17.95
165591,120516,74,809,18.26
165144,120440,70,805,18.84
162840,119368,81,795,18.84
160462,118307,103,803,20.4
161539,118810,75,809,18.01
163227,119416,73,809,18.77
165202,120905,72,794,18.51
155351,114739,78,787,18.69
160442,117653,69,832,18.09
0,118066,59,850,18.15
163842,131071,70,866,18.43
0,120303,70,853,18.85
161878,119167,82,864,18.73
9938,2503,77,1203,18.82
193749,136361,83,1146,19.11
195028,136530,88,1184,19.08
195321,136610,78,1264,18.86
194884,136418,79,1252,19.64
194165,136146,87,1242,19.49
194608,136369,80,1247,18.8
193821,136185,84,1255,19.73
193524,136065,81,1270,19.64
194239,136230,87,1262,19.76
194708,136410,90,1270,19.77
195333,136700,88,1262,19.71
195960,136907,82,1289,19.59
196319,136881,89,1262,18.86
197736,137493,89,1264,19.75
197880,137390,86,1179,19.6
198433,137324,84,1283,19.34
9561,114119,56,153,15.47
153853,115145,61,105,13.85
154598,115761,60,87,13.53
155271,115981,55,91,14.01
152427,114835,56,171,15.54
152335,114893,50,35,12.55
153572,115595,62,62,13.08
154267,115988,55,90,14.34
153979,115888,51,125,15.1
154411,116086,64,169,15.32
153988,116051,65,158,15.47
158660,116081,62,117,14.29
162303,118843,71,475,17.39
165899,121518,64,371,16.94
170755,126883,78,1250,19.67
181939,131142,77,1184,18.89
184098,131911,94,1488,20.01
183418,131883,91,1593,20.12
184368,132424,96,1606,19.57
183241,131911,94,1577,20.06
181585,131296,98,1607,19.57
182616,131966,94,1680,20.22
185567,131998,106,1903,19.93
184441,132320,111,1879,19.74
184550,132447,97,1843,20.47
183809,132166,103,1851,19.73
182809,131941,103,1826,20.42
182460,131762,94,1904,20.25
183964,132265,109,1979,20.26
187077,133367,99,1767,20.34
187290,133267,95,1750,20.03
187502,133185,102,1776,19.82
186478,132663,103,1816,20.45
185850,132782,94,1776,20.01
185684,132629,101,1786,19.99
185465,132840,94,1861,19.92
184459,132203,91,1757,19.45
184601,131619,90,1639,19.65
183375,131262,89,1693,20.18
183986,131619,109,1729,20.05
0,131291,94,1714,19.94
177600,128254,91,1647,19.43
185831,131165,91,1612,19.83
184447,130526,100,1642,18.74
182408,129780,99,1611,20.01
182021,129615,96,1621,20.02
181635,129440,98,1594,19.58
180627,129171,94,1627,20.71
181710,129596,87,1602,20.24
180396,129151,98,1594,19.69
179651,128883,98,1598,19.42
178493,128459,96,1599,20.21
180412,128796,93,1659,19.6
180785,128957,99,1629,19.47
176933,127316,96,1595,19.51
178490,127822,95,1584,19.74
178763,127889,91,1574,19.88
178425,127705,95,1579,19.84
178241,127713,86,1535,19.51
178400,127816,88,1535,19.61
178755,127886,92,1559,19.43
178698,127958,95,1567,19.65
178492,127855,94,1570,19.5
178183,127773,89,1573,19.88
180811,128586,89,1623,19.93
179484,128112,94,1697,20.07
177447,127193,88,1559,19.3
171117,123830,96,1501,19.74
175009,125444,96,1495,19.85
186859,130830,87,1358,19.88
179322,133141,86,1247,19.33
181872,134234,88,1232,19.07
182055,134328,81,1152,19.27
179457,133092,83,1136,18.69
177888,132354,89,1450,19.88
181312,132990,93,1396,19.64
182121,132794,84,1232,19.67
181679,132675,79,1138,19.08
180633,132392,87,1281,19.34
180333,132150,82,1183,19.55
176647,130636,81,1325,19.53
177682,130527,87,1410,19.15
178306,130129,69,1401,19.7
181611,130618,90,1363,19.04
178565,129341,88,1403,19.67
180952,130103,90,1405,19.97
181648,129506,90,1559,19.8
180631,130684,90,1388,19.28
181976,131510,79,1231,19.21
181870,131347,84,1194,19.44
180717,131012,93,1563,20.03
179746,130602,87,1557,20.13
176955,129614,95,1616,20.2
177522,129695,91,1597,20.07
184143,132231,94,1571,19.71
181226,130935,85,1535,20.04
180401,130425,92,1552,19.77
178516,129925,87,1535,20.09
179638,130380,85,1527,20.07
178198,130001,89,1533,19.91
174217,128228,86,1500,19.65
175422,128585,86,1504,18.66
176607,128855,86,1491,19.88
174972,128081,86,1477,18.59
176284,128379,95,1428,19.38
176695,128667,94,1405,19.61
178805,129737,93,1409,19.12
154371,115473,95,1598,19.6
148757,111656,80,900,18.36
159262,118232,104,1979,20.26
159450,119262,102,1689,20.02
152766,114473,100,2047,20.71
166956,122500,102,2032,19.77
859,687,101,2077,20.61
876,731,54,262,16.31
190040,136453,103,2064,20.41
0,135067,95,1616,20.13
188998,134319,85,1168,19.18
187183,133698,84,1371,19.9
187669,134032,70,756,18.36
189056,134973,86,1328,19.07
190617,135758,88,1125,19.15
188121,134831,84,1327,19.57
188695,134945,91,1679,19.39
188389,134779,93,1532,19.9
189411,135000,95,1591,19.65
187092,133998,86,1347,18.98
186625,133726,78,1232,19.7
185346,132922,77,841,18.26
185334,132555,85,1384,19.47
184424,132174,84,1182,19.11
184929,132043,92,1440,19.9
183426,131602,80,1195,19.57
183985,131162,86,1468,19.28
183629,130890,85,1470,19.81
182584,130822,86,1573,19.71
182977,131068,98,1553,20.12
183736,131116,97,1557,19.53
183302,130976,90,1578,19.83
183608,131076,81,1258,19.64
183719,130980,85,1206,18.7
183619,130734,85,1421,19.21
183745,130594,73,1386,19.25
183772,130608,92,1381,19.06
183795,130724,85,1386,19.01
184251,130807,91,1342,19.03
184281,130483,83,1349,19.1
183628,129961,75,797,18.3
0,129493,78,1050,19.14
181475,129233,73,880,18.59
181264,129148,84,971,18.92
180900,129006,75,944,18.6
181128,129137,64,933,18.76
183207,129739,79,1039,18.83
183185,129610,74,1088,19.04
181997,129265,78,1105,19.25
182454,129432,77,1152,18.79
182231,129130,72,774,18.57
181311,128723,70,799,18.62
182796,129073,68,789,18.84
180488,128219,76,781,18.5
181638,128480,83,983,19.07
180248,128071,79,942,18.25
179299,127728,73,938,19.13
180362,127987,71,880,18.48
179099,127487,72,881,18.25
180097,127938,72,870,18.32
178176,127265,73,881,18.51
178517,127353,74,838,18.18
176984,126956,44,879,19.03
177086,126743,81,880,18.12
177855,126990,68,854,18.46
178748,127389,82,865,18.21
174747,123855,82,889,19.08
177198,124963,77,1068,18.51
178845,125963,83,1119,19.11
184586,129897,91,1245,19.59
182986,129223,78,1250,19.01
180815,128712,89,1205,19.38
182453,129544,69,1277,19.35
181626,129771,88,1230,18.75
184219,130761,82,1195,18.98
181048,129503,87,1175,19.3
183842,130674,83,1140,19.27
182814,130263,81,1185,19.58
181395,129727,84,1166,19.34
181233,129620,79,1182,19.04
182324,130036,69,1179,17.76
180992,129593,77,1206,19.42
181209,129597,78,1201,18.72
182048,129927,87,1189,18.82
182175,130112,89,1221,18.81
182152,130090,91,1290,19.06
183132,130390,87,1441,19.79
183529,130348,85,1525,20.05
182852,130202,99,1602,19.76
183975,130887,118,2608,20.84
182400,130557,104,2241,20.01
183340,130798,107,2143,20.39
182722,130533,101,2192,21.92
182354,130362,95,2432,20.67
182064,130299,117,2397,20.94
181934,130143,139,2409,20.6
181705,130032,107,2386,20.37
182543,130466,113,2343,20.5
182015,130372,113,2468,20.6
181929,130422,112,2438,20.46
187366,131486,84,1075,18.93
189007,132664,107,2400,20.35
188094,132286,119,2489,20.84
188704,132168,72,692,17.73
188976,132293,67,681,18.37
188728,132138,92,637,18.2
186797,131373,73,653,17.97
187103,131122,80,1049,18.69
186220,130748,81,1104,18.88
184383,130201,85,916,18.65
183376,129999,70,864,18.09
183860,130215,75,847,18.22
183550,130233,75,905,17.87
183781,130321,70,923,18.41
183855,130285,80,929,18.74
183073,130031,63,897,18.73
184126,130393,76,772,18.42
182977,129965,78,743,18.1
183177,130121,85,1245,18.97
182577,129870,78,1173,19.59
184011,130294,80,1122,19.52
184982,130776,76,991,18.93
186078,131143,88,1218,19.63
185459,130978,79,1185,18.86
185245,130678,87,1183,19.29
186114,130965,89,1151,19.19
185928,130778,78,1200,19.5
186411,130821,96,1251,19.4
186048,130760,88,1343,19.52
186663,130852,88,1423,19.36
183917,130107,90,1615,20.0
184449,129868,89,1557,19.61
182454,129235,100,1680,19.86
181615,129193,90,1681,20.31
183294,129884,101,1690,19.6
183151,130010,107,2352,20.85
182434,129757,104,2292,20.29
182319,129707,110,2278,20.11
183028,129931,105,2179,20.09
184179,130130,102,2250,20.81
184233,130094,114,2210,20.76
185271,130491,126,2911,20.58
185497,130797,88,1158,19.08
186056,130997,113,2677,20.67
184817,130692,130,2938,21.08
185072,130694,62,487,17.81
185024,130669,113,2659,18.49
184403,130522,129,2865,20.54
184509,130534,116,2741,21.28
185101,130715,127,2752,21.15
183697,130274,116,2836,21.21
186077,131324,97,1863,20.05
183982,130552,97,1673,19.79
184630,130762,100,2067,20.17
183857,130446,103,2111,19.87
184866,130730,96,1779,20.09
183385,130227,102,1821,19.69
184333,130462,103,1811,21.73
183021,130037,100,1920,20.15
182369,129857,95,1805,19.65
181829,129620,96,1776,20.11
178572,134059,68,783,19.27
180222,134927,77,769,17.96
145470,133442,59,367,17.25
182647,132116,58,369,16.53
182976,131994,68,370,17.24
182525,131610,66,374,17.23
184828,132857,64,486,17.69
185637,133190,64,533,17.15
183828,132340,73,594,17.57
183514,132395,71,499,17.88
180115,130201,63,473,18.49
178873,129536,71,477,17.39
179802,129852,66,476,16.95
180758,130470,72,481,17.82
180638,130861,69,480,17.03
179748,129893,67,493,17.87
180276,129965,71,479,17.32
179059,129740,69,488,16.9
187958,133523,84,1014,19.02
185695,132113,86,1018,18.55
186623,132514,75,579,17.99
185348,131987,67,540,18.51
181914,130437,67,523,17.06
182358,130509,65,511,17.93
181535,130207,70,501,17.84
181315,130296,62,502,17.63
182095,130320,61,530,17.6
182915,130542,66,522,17.91
182189,130312,66,507,17.41
182337,130393,69,511,17.84
181800,130157,69,525,17.73
181024,129783,61,524,17.08
181165,129745,74,511,17.27
181712,129957,64,525,17.96
182636,130225,73,527,17.67
180934,129651,74,511,17.03
181570,129880,74,559,17.54
180761,129642,73,511,17.23
180727,129610,67,486,17.32
181092,129361,73,483,17.58
179372,129115,70,484,16.93
179935,129309,70,490,17.87
179373,129090,96,483,17.55
178828,128919,60,483,17.46
179098,129104,66,482,17.16
178980,129042,63,480,17.12
179256,129203,69,485,17.27
179285,129067,67,511,17.41
179274,129127,62,503,17.74
179320,129189,65,499,17.76
178066,128629,60,488,16.96
177919,128696,62,483,17.19
180976,129792,63,475,17.15
179215,129203,72,496,17.26
176119,127773,71,485,17.31
178751,128930,61,478,17.05
179454,128919,64,487,17.01
177153,127850,66,475,17.79
176956,127923,66,473,17.02
176646,127902,62,475,17.27
178185,128521,66,477,17.66
177054,128131,71,471,17.71
176720,127820,72,466,17.65
175179,127429,65,463,17.28
176729,128105,63,457,17.55
176445,128224,68,510,17.16
177574,128675,71,522,17.38
179499,129360,66,521,17.79
177992,128623,65,522,17.26
177706,128302,66,470,17.55
178016,128421,63,454,17.24
177782,128266,66,463,17.43
176562,128069,66,455,17.32
177291,128128,64,454,17.74
176363,128059,62,448,17.64
176960,128274,62,442,16.85
175521,127872,60,437,17.41
175996,127916,70,448,17.13
175825,128274,58,412,17.38
179855,130001,68,793,17.91
179303,129782,67,650,18.32
179063,129540,76,643,18.03
177789,128930,70,604,17.72
178605,128997,73,589,17.41
177490,128729,66,556,17.36
176959,128459,74,555,17.88
177082,128423,74,535,17.49
178868,129225,61,446,17.09
181747,130287,73,613,16.42
179291,129303,77,651,18.38
179511,129205,72,642,17.73
180622,129502,69,646,17.94
181531,129723,77,645,18.33
181959,129462,68,631,17.64
178753,128607,65,634,17.87
178579,128795,56,615,17.71
178501,128979,71,591,17.33
180557,129793,65,624,17.46
178093,128690,64,618,18.31
178961,128944,66,605,17.35
179056,129144,67,589,18.06
178005,128841,65,560,17.58
177620,128639,63,555,18.04
179211,129383,74,545,17.37
178491,129100,62,546,18.08
178215,129003,73,541,17.49
176893,128755,73,531,17.97
179213,129519,66,528,17.44
177664,129117,63,506,17.53
178389,129114,67,507,17.43
178439,129017,68,493,17.53
178787,129242,64,496,17.8
180046,129854,71,545,18.05
179770,129820,64,530,17.94
179248,129787,66,497,17.43
181451,130737,71,554,18.05
181264,130611,73,587,17.83
180625,130095,72,574,17.6
179376,129760,70,569,17.31
179007,129639,64,576,18.02
178627,129501,77,665,17.54
177799,129186,77,673,17.56
178096,129297,66,688,18.5
178363,129386,69,688,18.17
175761,128628,66,691,18.26
176509,128784,73,690,17.84
179857,129708,70,725,17.75
179437,129478,70,722,17.85
180190,129768,73,698,17.76
180086,129841,64,655,17.78
183729,131373,69,415,17.19
181747,130724,87,461,16.8
178504,129468,61,375,16.44
177881,129407,62,387,17.34
179104,129911,63,395,16.99
178842,129708,70,390,17.32
179406,129874,69,386,16.8
178100,129548,64,387,16.73
177460,129185,59,385,16.7
176366,128989,64,384,16.8
177683,129356,61,385,17.41
178322,129481,56,316,16.56
178816,129661,42,383,16.56
178481,129599,67,377,16.62
179661,129883,70,381,16.62
180092,130349,72,508,17.39
178405,129682,73,741,18.5
180917,130395,76,704,17.81
180836,129882,67,624,17.57
181556,130005,49,576,17.76
181291,129838,73,564,17.85
180944,129712,61,559,17.2
0,130705,68,787,18.68
176243,127885,69,661,17.74
178831,129610,76,895,18.39
179616,129675,81,850,18.08
178034,128472,84,993,19.06
179247,128705,77,997,18.84
177646,127956,75,983,18.81
177835,128745,74,951,18.84
177841,128985,77,943,18.75
177725,129100,71,946,18.66
178305,129280,72,951,18.72
179147,129551,78,982,18.46
178751,129388,75,979,19.07
179398,129450,72,985,18.58
179540,129476,72,987,18.53
178854,129301,77,971,18.59
178200,129230,72,965,18.4
178326,129358,73,967,18.29
178945,129691,76,960,18.56
179282,129593,80,951,18.38
179223,129747,71,951,18.74
180201,130148,77,954,18.53
179825,130045,80,944,18.94
179340,129873,73,955,18.83
178524,129412,83,972,18.65
178898,129474,73,969,19.04
178613,129521,83,965,18.31
179322,130110,80,947,18.44
178117,129353,77,944,18.9
178780,129720,84,944,18.82
179023,129823,77,944,18.85
179183,130036,79,923,18.25
179339,130133,83,907,18.22
179637,130253,79,898,18.76
180055,130438,83,902,18.63
179198,130166,70,907,18.51
178439,129853,78,903,18.55
178519,129918,77,902,18.39
178815,129886,77,907,18.23
178877,130002,77,912,19.0
178533,129916,84,918,18.7
178924,130072,73,912,18.23
177435,129789,76,937,18.69
173636,127396,80,853,18.7
181040,130619,73,867,18.92
183534,131715,82,972,19.13
182799,131300,81,964,18.63
179014,129562,71,967,18.98
177163,129069,71,947,19.06
178538,129575,81,947,18.47
177782,129341,76,945,18.93
179064,129648,78,933,19.06
178832,129564,73,938,18.83
179447,129756,72,929,19.96
178518,129541,77,929,18.63
178186,129430,71,911,18.16
177978,129357,72,906,18.51
177975,129453,75,899,18.35
178647,129606,79,898,18.93
177731,129309,76,897,18.65
178062,129520,74,896,18.5
178111,129435,74,885,18.99
176908,129257,69,887,18.26
177497,129455,74,896,18.4
178050,129795,78,897,19.08
178927,130112,83,928,18.26
179420,130184,70,926,18.94
182436,131171,80,937,18.72
182178,130942,82,942,18.6
182723,131024,72,933,18.8
181954,130479,72,924,18.41
181858,130448,75,914,19.04
182188,130427,81,912,18.97
182437,130545,71,910,18.71
181513,130043,80,895,18.43
182387,130402,76,903,18.44
181304,130062,81,911,18.61
181558,130179,83,908,18.67
180517,129891,71,903,18.26
180083,129867,80,909,18.46
180725,130193,73,911,18.5
179456,129803,72,944,18.58
179300,129989,77,854,18.21
178580,129660,74,851,18.07
178581,129582,52,848,18.39
178657,129380,78,848,18.59
179144,129603,82,851,18.26
178750,129517,82,859,18.5
179389,129696,79,896,19.01
179211,129738,82,885,18.62
178293,129467,73,880,18.48
178096,129499,78,874,18.89
178219,129709,70,851,18.1
177722,129584,78,847,18.02
177325,129547,82,842,18.64
177879,129753,76,837,18.0
177508,129797,75,841,16.57
178119,129764,73,837,18.43
177908,129840,71,833,18.05
178981,130082,80,831,18.32
177504,129256,82,929,18.78
179356,129859,81,930,18.51
180486,130158,80,929,18.77
180634,130030,77,951,18.53
180486,129776,83,944,19.09
180104,129415,80,919,19.14
179384,129214,73,917,18.91
178873,129123,79,901,19.08
179592,129502,79,898,18.22
179340,129581,81,907,17.65
179320,129831,71,909,18.18
179322,129800,75,905,18.42
179600,129889,82,903,18.47
178887,129703,80,899,19.1
179165,129862,80,895,18.77
178857,129799,74,902,18.28
179348,130003,73,895,18.17
179603,129922,76,912,19.09
181046,130835,69,720,18.21
184816,132600,72,733,17.94
185486,132842,60,766,18.75
184691,132426,76,773,18.22
184780,132468,73,753,18.24
185369,132401,77,712,18.53
186464,132602,65,706,18.41
187508,132909,72,713,17.9
187467,132825,68,706,17.8
187062,132765,73,704,18.23
185075,131635,74,710,17.84
183770,130966,77,713,17.8
183387,130963,71,721,18.02
184219,131438,67,723,18.62
183456,131229,74,734,17.88
183536,131425,67,736,17.85
183038,131298,75,737,18.55
185935,132913,80,802,18.36
186656,133049,76,834,18.71
187985,133762,83,951,18.76
187417,133259,71,878,18.12
184467,132274,81,933,18.84
183918,132269,83,943,19.13
185068,132320,78,870,19.0
191342,134785,78,974,18.99
190948,134381,72,492,17.65
192180,135371,64,564,17.4
192284,134915,66,554,17.34
190302,134499,69,543,17.91
189224,134007,64,528,17.5
189390,133786,61,511,17.58
188344,133320,64,504,17.54
187447,132990,73,499,17.42
186094,132421,72,487,17.56
185550,132274,71,482,16.94
185521,132384,70,471,16.96
185193,132302,66,478,17.38
184684,132330,73,474,17.36
185249,132502,67,468,17.36
185775,132658,67,464,17.82
186643,132967,72,457,17.61
186237,132886,65,456,16.99
186676,132970,66,450,17.52
186919,133319,73,455,17.11
190399,134786,61,465,17.38
189813,134404,66,477,17.58
188887,134005,62,479,17.85
187184,133294,64,444,16.8
187348,133240,70,443,16.85
187387,133172,70,434,16.77
186437,132855,68,420,16.46
186035,132751,70,418,16.72
186160,132709,66,363,16.9
186480,132872,62,432,17.21
186352,132754,70,448,16.84
185961,132651,65,450,17.1
186567,132813,66,459,16.8
185593,132551,60,462,17.32
186014,132594,66,459,17.24
187559,133537,61,535,17.49
184713,131959,68,507,16.97
184800,132006,82,522,17.32
184121,131769,72,525,18.0
184705,131782,63,528,17.42
184713,131834,65,498,17.34
184119,131493,64,489,17.54
182872,131144,61,496,17.02
183379,131068,64,470,17.43
182121,130894,73,471,17.45
183509,131018,60,469,17.05
182441,131068,65,461,17.48
182762,131145,63,483,17.03
182504,131122,62,499,17.62
182485,131166,66,499,17.29
183157,131407,63,497,17.71
183256,131494,61,464,17.56
184307,131841,62,463,17.6
183779,131904,60,459,17.19
184074,132140,60,452,17.32
183249,131926,69,450,16.9
183843,132104,70,449,16.79
183698,132085,59,445,17.18
184582,132319,62,432,16.64
182947,131867,59,432,17.06
184463,132551,64,450,18.41
183834,132234,63,453,16.81
184544,132160,69,448,16.72
182583,131579,64,416,17.53
181148,131329,58,413,16.59
181647,131459,62,419,16.63
182396,131726,59,419,17.0
182620,131854,68,416,16.8
182497,131800,72,406,17.25
183059,132086,66,403,17.41
182952,132029,61,399,16.96
182322,132009,69,401,17.42
182183,131910,58,405,17.09
182750,132148,63,406,16.7
181548,131788,64,405,16.58
181352,131732,63,400,16.71
181473,131775,70,401,17.28
181249,131775,58,400,16.5
181109,131720,66,387,16.81
181432,131775,69,394,17.19
183418,132393,68,400,16.97
182906,132225,69,401,17.33
182271,131974,60,397,17.37
181901,131896,67,391,16.89
181518,131918,70,391,17.29
181726,131997,70,391,16.63
186438,133477,61,490,17.08
185660,132940,66,464,17.35
185109,132518,64,473,17.41
184827,132340,62,475,17.12
183871,131803,67,481,17.65
183731,131821,68,489,19.2
183674,132030,73,554,17.76
182564,131529,70,557,17.54
181530,131188,65,549,17.21
181718,131674,72,545,17.58
181183,131448,69,555,17.58
180379,131403,73,645,17.63
181615,131769,64,656,18.06
182647,131808,74,683,17.57
183512,132135,65,704,17.98
183730,132217,76,715,18.09
183346,132286,93,700,17.88
185048,132779,70,642,18.39
185091,132829,70,640,18.09
183679,132552,68,651,17.77
184272,132850,75,657,17.73
183617,132666,67,656,17.66
184761,133209,65,640,18.37
185544,133381,67,682,20.04
185356,133232,73,675,17.64
185591,133231,75,687,17.74
184638,132965,76,679,18.33
184013,133001,74,674,18.45
184137,133112,68,663,17.65
183988,132934,75,670,18.36
184699,133049,71,766,18.05
183115,132291,75,754,17.76
181627,131873,68,759,18.38
182994,132140,72,802,18.63
184845,132954,71,782,18.82
186160,133613,63,112,14.73
186263,133655,59,103,14.7
186141,133660,54,105,14.61
186823,133841,52,101,13.95
188069,135106,74,745,17.97
188828,134813,77,755,18.55
186200,133666,74,560,17.22
185407,133328,64,550,17.92
183838,133011,73,593,17.33
183631,132879,67,373,17.33
184108,133078,63,382,16.57
184038,133152,69,390,16.93
184162,133162,62,399,17.37
183669,133147,69,389,17.2
183333,133141,69,387,17.09
182319,132828,70,384,16.93
181403,132485,59,384,17.0
182508,132895,63,382,17.11
182625,133081,59,379,16.46
181540,132790,59,384,16.67
181635,132645,60,391,16.49
183158,133151,68,375,16.48
182625,133028,67,372,16.43
183021,133060,69,336,16.73
181125,132339,62,326,16.51
180922,132263,60,336,16.79
181448,132403,67,320,16.8
185393,132700,58,359,16.81
183689,132539,61,347,16.34
183466,132605,66,353,16.79
187853,133960,60,395,17.38
183448,132549,60,366,16.57
181917,131321,81,832,18.66
183707,132236,62,545,17.42
181436,131680,63,447,17.18
180371,131344,61,370,16.4
179973,131232,62,337,16.72
177943,130597,61,337,16.88
182916,131951,58,357,16.83
184311,131892,70,400,16.83
184942,131688,64,402,17.14
184484,131205,63,398,16.67
184472,131080,64,391,18.72
183350,131045,70,397,16.98
181978,130404,58,387,17.35
181238,131011,62,342,16.4
180432,130909,67,342,17.14
180416,130960,62,343,16.7
182895,132209,68,382,16.58
181030,130891,63,375,17.36
182705,131795,67,406,17.5
181081,131374,66,335,16.43
183848,132161,69,420,17.25
184324,132390,70,462,17.11
181195,131351,69,393,16.68
184103,132613,64,498,17.07
181668,131689,72,486,17.64
182166,132118,67,458,17.45
182533,132063,65,467,17.67
183569,132455,66,432,17.63
181904,131918,69,447,17.39
182206,132046,70,418,18.66
182186,131827,70,467,17.45
180782,131289,57,372,16.39
180240,131127,71,379,17.16
179981,131076,70,383,17.21
180660,131263,64,402,17.49
181131,131399,63,403,17.19
180828,131351,69,408,16.56
180563,131242,60,410,16.9
178181,130611,65,386,17.35
179529,130779,60,380,16.81
179104,130881,66,370,16.41
177053,130320,59,391,17.1
177588,130375,65,365,17.18
180135,131073,46,357,16.79
180620,131220,64,357,16.28
179422,129482,57,2,6.93
181053,130612,59,71,13.39
181022,130569,60,278,16.47
179433,129982,55,190,15.03
181477,130780,61,154,14.86
181608,130864,52,177,14.91
181711,130753,58,191,15.22
179743,130233,59,215,17.15
181980,130763,63,267,15.74
170055,126142,92,1331,19.48
167498,125548,72,552,18.13
172035,127692,75,549,17.3
178024,130048,63,838,18.62
179632,130287,79,823,18.76
181001,130978,78,734,18.4
180083,130342,69,629,18.35
180082,130366,69,562,17.46
179302,130140,76,630,18.05
180639,131038,77,782,18.41
178353,130203,71,801,18.39
179045,129556,71,826,18.52
181175,129898,67,720,17.79
179333,129369,76,725,17.81
179267,129481,71,739,18.13
181052,130354,72,742,18.7
183057,131304,78,767,18.59
182645,131157,77,750,16.42
182711,131301,73,746,17.83
182687,131221,76,762,18.36
181625,130863,77,768,17.8
181879,131150,79,765,17.97
181752,131284,69,793,18.09
181641,131307,79,827,18.66
178585,130132,62,464,16.86
179643,130710,59,398,17.21
179844,130862,40,483,17.6
181143,131450,62,453,17.39
182537,132117,67,503,17.26
181665,131694,68,569,17.21
181331,131681,67,579,18.14
182021,131877,67,605,17.81
178947,130428,90,240,16.35
181704,131687,78,778,18.02
181047,130993,67,658,17.63
178822,130002,60,361,16.99
176521,129170,34,381,16.79
180796,131406,58,250,16.22
183357,132350,68,272,16.06
183941,132434,65,240,16.28
183436,131979,57,251,15.9
181974,131308,56,241,16.33
179038,130114,63,240,15.94
188012,135917,95,1838,20.35
191259,136746,92,1489,20.02
191598,136766,98,1535,19.49
194727,138068,91,1361,19.51
190447,135134,76,990,18.35
189863,134823,81,985,18.38
185120,133139,78,1005,19.06
185692,133653,81,966,18.51
185434,133730,72,615,18.32
185581,133644,70,589,17.94
185344,133615,59,389,16.95
185875,133661,81,465,17.17
186576,133848,68,448,16.99
186918,133761,66,318,16.34
186181,133262,67,286,15.97
186282,133716,67,226,16.18
185420,133739,61,160,15.64
185887,134545,74,877,18.07
186408,134107,76,797,18.22
185757,133674,79,753,18.23
186323,133883,71,752,18.23
185739,133112,78,717,18.49
185474,132992,70,719,18.52
185001,132868,72,671,17.57
184279,132687,68,658,17.88
183907,133188,66,623,17.81
183880,132798,65,630,17.87
183466,132988,74,607,18.3
182935,132637,68,585,17.54
183949,132770,68,523,17.24
183789,132681,67,629,18.16
183734,133000,71,633,17.92
183255,132961,75,637,18.11
183378,133086,64,634,17.87
183515,133158,74,634,18.04
183553,133122,64,639,17.5
185366,133501,64,643,18.37
185281,133495,70,646,17.6
184990,133244,73,641,17.66
184855,133249,69,679,18.21
185021,133378,78,677,17.64
185292,133386,70,667,18.17
185756,133526,66,670,18.12
185214,133122,63,660,18.06
185058,133138,72,656,18.34
184741,133114,73,651,17.98
184694,133257,74,652,18.16
184492,133167,69,641,18.0
185112,133410,67,642,18.21
185441,133397,65,629,18.15
185186,133220,74,630,17.9
184839,133036,74,627,17.94
184633,132971,71,624,18.05
184277,132904,92,626,17.74
184144,132897,74,621,18.14
184181,132814,68,611,18.14
184468,132904,69,611,18.29
184407,132692,74,611,17.65
185132,132867,63,601,18.03
185084,132704,70,597,17.65
185025,132639,75,595,18.05
184667,132520,67,598,17.88
184147,132293,67,593,17.36
183858,132313,65,598,18.02
183905,132467,73,591,17.63
183502,132567,68,593,17.86
183636,132805,74,587,17.44
183913,132839,66,585,18.0
183841,133088,66,592,17.99
186023,133641,72,545,17.4
186165,133402,71,529,17.08
185251,132711,61,527,17.16
184142,133000,63,533,17.52
183367,132934,61,530,17.28
183589,133427,70,533,17.74
183512,133472,66,531,17.72
183192,133542,70,530,17.4
181360,132946,70,511,17.78
182263,133643,59,124,14.29
185400,134619,65,329,16.29
185801,134340,62,303,16.82
185632,134247,61,298,16.35
185399,134190,66,304,16.59
185819,134120,56,307,16.92
186726,134673,70,585,18.11
185012,134126,63,580,17.34
185223,133928,70,576,17.78
182636,132981,68,577,18.04
184556,133286,73,576,17.22
182667,133079,71,557,16.55
182732,133495,64,568,17.37
182700,133494,67,570,17.64
182953,133671,73,571,17.95
182810,133283,66,570,17.84
183196,133123,68,567,17.19
183381,133079,67,570,18.05
180622,132233,61,546,17.06
179816,131785,63,559,17.96
180895,132199,62,564,17.29
181239,132250,75,545,17.39
181262,132289,67,553,17.23
180438,132361,67,545,17.96
180677,132514,76,578,17.89
180457,132419,70,539,18.02
182397,133343,75,801,18.58
181893,132937,77,727,18.16
182231,133127,72,722,18.33
182110,133088,73,720,18.04
180820,132510,69,709,17.94
180287,132432,69,674,18.28
181220,132895,72,706,18.42
181610,132660,77,663,17.92
180943,132411,76,650,17.94
181164,132676,69,642,18.07
180141,132157,65,638,18.05
179929,132219,75,630,17.49
180631,132459,63,623,18.14
180435,132258,76,619,17.49
181522,132275,70,620,18.13
180770,132098,70,620,18.14
181165,132232,69,600,17.07
180498,131844,68,598,17.61
180303,131776,94,601,17.5
179156,131239,62,542,17.21
183386,133348,71,505,17.61
183088,133079,69,511,17.18
183199,133174,64,511,17.68
182396,133212,49,505,17.81
183035,133210,70,511,17.22
181946,132670,63,511,17.54
181886,132514,64,511,17.81
181786,132850,71,528,17.93
180686,132300,69,541,17.47
181410,132410,63,546,17.25
181618,132969,70,544,16.26
181831,132920,63,544,18.03
180169,132783,75,552,18.08
181572,133194,52,541,17.97
182665,133628,63,588,18.2
182704,133686,66,576,17.84
183203,133492,69,651,18.01
182768,132866,65,614,17.8
182011,131881,65,573,17.88
179295,131509,61,560,17.27
180988,132148,68,611,16.71
182048,132760,50,560,17.6
179689,131790,64,546,18.01
181771,131982,66,560,17.47
180899,131380,66,538,17.79
179618,131525,65,535,17.88
179956,131682,74,531,17.56
181074,132287,74,529,17.1
173563,127276,72,619,18.07
175539,127769,66,651,17.48
174935,127653,69,666,18.13
175299,127539,72,679,18.35
175832,126804,77,686,18.42
176147,126872,76,687,18.22
175771,126575,75,678,18.08
175519,126354,50,667,18.02
175340,126149,64,663,18.37
174485,126285,77,665,17.95
174208,126548,73,659,17.69
174065,126653,70,656,18.45
173956,126739,64,656,17.7
174501,127546,72,659,18.03
173735,127487,72,663,18.1
174656,127932,66,677,17.91
174212,127967,75,658,18.24
174189,128238,69,656,18.28
174614,128559,73,656,18.26
175386,128787,75,643,17.72
174747,128785,72,646,19.75
175256,128974,67,635,17.87
173615,128426,69,625,18.07
175301,129090,63,614,18.27
175378,129041,94,612,17.92
183424,133604,69,626,18.01
182701,133340,72,624,17.85
182118,133096,69,592,18.19
182588,133337,64,608,18.23
181949,133186,70,574,18.06
181595,133155,70,567,17.88
181965,133457,72,565,17.21
181145,133125,68,560,18.11
180841,133126,63,562,17.71
180972,133155,71,566,19.05
181185,133318,64,598,18.06
180635,132907,73,595,17.74
182039,133089,70,595,17.64
182184,133075,71,592,17.55
183124,133342,63,594,17.98
182408,133258,74,594,17.64
184340,133803,74,579,17.6
182367,133187,66,571,18.11
183205,133436,63,574,17.22
181921,132978,73,578,17.27
182599,133384,88,588,18.1
184906,134639,70,576,17.34
185213,134736,63,190,15.05
184887,134938,56,96,13.98
186899,135966,63,144,14.89
186595,133618,77,978,19.13
185761,133666,78,1019,18.52
187412,133919,83,1135,19.26
186694,134875,69,624,18.06
188210,134768,81,1324,18.92
186769,133864,70,531,17.3
187435,134067,82,1169,18.81
186241,133619,66,591,17.48
181884,132811,59,338,16.97
186410,134636,75,605,17.58
187928,134687,71,563,17.2
186527,134294,74,480,16.9
187424,135201,73,1005,19.19
189230,134975,83,1232,19.11
188493,134699,55,192,15.5
185570,133732,76,1088,19.22
130568,104566,83,1414,21.75
168879,128276,93,1535,19.53
169466,129091,95,1515,19.51
172864,129520,85,1408,20.42
172655,129468,86,1441,19.94
173925,130148,94,1433,19.95
174254,130099,112,1285,19.27
174529,130721,80,1309,19.62
169328,128385,71,696,18.29
174163,130730,88,1162,18.85
181335,136406,59,448,17.16
188841,136996,62,192,15.42
188908,136933,61,239,16.25
188639,136786,62,242,16.44
188423,136580,64,235,15.7
187960,136230,66,403,16.67
187811,136072,69,449,17.66
187633,135846,58,435,16.76
187685,135874,61,432,17.46
187493,135760,62,415,17.04
187223,135581,64,411,17.38
187125,135844,61,421,17.23
187891,136024,62,387,17.33
187512,135900,76,624,18.25
186122,135549,65,621,17.67
186421,135880,64,598,17.93
186689,135933,64,542,17.12
185049,135365,65,343,16.68
184739,135386,66,558,17.35
183572,134485,72,819,18.57
184722,135451,67,725,18.61
184943,135580,66,700,18.33
185085,135695,75,671,17.95
185208,135687,72,682,18.2
185530,135734,68,685,18.31
185332,135656,71,672,18.43
185837,135895,91,619,17.76
185980,135970,74,609,17.39
185282,135495,69,599,18.28
185758,135783,64,563,17.42
186041,135914,73,531,17.92
186516,136064,57,291,16.24
186798,136158,62,327,16.43
187129,136161,62,201,16.01
187282,136394,69,647,17.82
190651,137962,66,505,17.49
190427,137888,67,628,17.63
190110,137695,72,628,17.96
189990,137443,67,639,17.8
189375,137110,65,682,17.69
189093,136913,52,657,17.99
188725,136707,74,505,17.55
188526,136720,77,688,17.7
189204,137002,70,635,17.63
188823,136778,61,433,17.3
189089,136858,59,400,17.06
189371,136945,59,400,17.05
189730,137117,78,693,17.93
189171,136901,67,693,17.79
189294,136892,72,741,18.1
189180,136819,67,711,17.88
188496,136617,72,689,18.45
189043,136797,71,839,18.82
189623,136986,69,853,17.85
189379,136957,76,677,17.72
188646,136433,74,639,17.93
188566,136543,66,653,17.6
188309,136359,78,682,18.44
188905,136493,72,688,18.45
188878,136520,71,695,17.86
189785,136753,72,703,17.81
189988,136739,73,714,18.24
190205,136718,73,736,17.72
190062,136619,67,727,18.53
189927,136536,72,725,18.1
189701,136426,69,720,18.32
189954,136538,67,717,18.31
189568,136366,75,663,18.23
189183,136318,75,716,18.19
189186,136254,67,719,17.7
189468,136463,68,748,18.06
189754,136609,78,752,17.82
189678,136665,67,731,18.28
189925,136672,68,750,18.6
189717,136589,73,752,18.37
189593,136528,77,756,18.35
189406,136427,68,766,17.95
189193,136348,72,754,17.97
189145,136331,67,755,18.2
189084,136289,57,759,18.75
189010,136315,67,753,18.44
189124,136338,67,757,18.35
189305,136398,69,757,18.07
189600,136444,68,767,18.36
189619,136455,67,767,18.18
189635,136411,68,764,18.02
189172,136246,58,781,17.86
189015,136094,74,768,18.74
188840,136026,76,765,19.2
188421,135939,68,765,17.87
188455,136023,71,751,17.87
188696,136150,98,743,18.51
188522,136073,80,773,18.06
187959,135947,76,912,19.08
189125,136282,75,798,17.88
189444,136359,73,746,17.92
189726,136444,64,659,18.15
189218,136158,74,755,18.42
189314,136107,60,3,7.38
189665,136193,62,13,10.47
189237,135944,73,812,18.37
189563,135996,76,801,18.2
189947,136285,72,769,18.58
189668,136131,77,754,18.37
190403,136369,67,774,18.05
190385,136345,67,742,18.52
190262,135828,68,773,18.32
190124,135688,76,761,18.09
190165,135636,70,771,18.66
190342,135768,75,771,18.38
190483,135799,66,767,17.79
187379,134712,89,54,13.2
186433,134428,61,58,13.43
186672,134848,53,80,14.26
187957,134961,54,60,12.88
188091,134816,63,65,13.31
187950,134816,78,870,18.88
188689,135118,81,59,13.37
188712,135107,78,941,18.57
188821,135163,77,778,18.6
187559,134983,62,98,13.73
188846,135518,64,525,17.27
189255,135611,66,525,17.75
188406,135318,52,49,13.19
188956,135971,59,75,13.98
189371,135994,62,29,11.77
189173,135737,49,29,12.06
189255,135736,51,31,12.3
189225,135690,54,34,12.37
187507,135211,120,2755,20.62
187762,135098,128,2855,20.94
186088,134256,76,853,18.83
186430,134429,66,564,17.54
184846,133864,60,44,13.01
186505,134630,63,389,16.55
186197,134605,55,64,12.97
186658,134844,101,1985,19.74
187651,135268,87,2192,20.53
188212,135499,104,2224,20.7
187623,135279,107,1970,20.55
187201,135091,99,1890,19.89
186228,134681,56,320,16.19
185636,134415,65,320,16.92
185883,134547,58,150,15.32
185762,134732,67,509,17.16
185391,134611,72,504,16.35
185739,134816,68,552,18.02
185903,134963,72,548,17.63
185980,134969,63,499,17.11
186589,135298,67,499,17.67
186872,135423,67,492,17.43
187411,135451,61,402,17.06
187352,135405,64,377,17.26
187612,135430,60,123,14.69
187356,135375,60,123,14.98
187581,135496,54,143,14.74
187494,135447,58,134,14.53
187559,135465,51,137,14.91
187689,135537,56,141,15.05
187963,135582,60,144,14.96
187537,135514,63,141,14.72
187692,135522,57,142,15.01
187498,135521,65,144,15.03
187378,135398,53,150,15.0
187120,135403,55,147,14.8
186779,135303,62,157,15.38
186739,135355,54,155,14.98
186841,135392,54,159,15.34
187009,135455,63,157,14.98
187452,135666,61,155,14.85
186918,135412,72,446,17.16
187070,135556,75,559,17.55
187084,135578,62,160,15.24
186911,135501,58,155,14.69
187746,135718,63,156,15.18
188048,135820,53,129,14.96
187524,135670,54,172,17.4
188714,136166,83,1099,18.95
188494,136204,81,1031,18.58
188609,136226,59,46,12.54
188249,135723,65,478,17.01
188639,135781,72,493,17.77
188623,135768,62,323,16.28
188171,135571,60,464,17.31
188162,135538,64,247,15.63
188282,135409,62,484,17.51
187729,135224,72,446,17.15
187651,135142,66,410,17.2
187434,135089,68,432,17.56
188715,135463,61,438,17.56
188587,135497,67,473,17.69
188160,135355,61,496,17.85
188577,135484,73,464,17.72
187617,135244,63,442,17.44
187486,135200,58,371,16.85
186970,135143,65,432,16.7
187144,135268,71,410,17.22
186547,135127,58,115,14.18
186545,135401,57,114,14.76
185853,135222,68,368,16.46
185157,135056,66,389,16.59
186821,135636,63,417,16.9
187296,135868,65,455,17.07
187484,135988,64,416,16.83
187907,136315,59,395,17.06
187815,136584,61,428,16.71
187569,136406,67,419,16.82
185537,135179,85,1343,19.2
184741,135117,63,462,17.72
185065,135279,67,451,17.19
184859,135329,69,400,16.95
185201,135404,72,464,16.81
186466,135957,69,493,17.31
187171,136170,60,463,17.46
187617,136464,71,525,18.02
187866,136509,71,471,17.68
185100,135277,60,50,14.14
186947,136419,69,745,17.75
183735,134772,70,560,17.95
184669,135285,72,826,18.02
183769,133734,76,1113,19.17
184453,134353,87,1069,18.45
185817,134725,76,1136,19.0
185689,134683,76,1123,19.42
185730,134565,78,1125,18.78
185552,134558,78,1145,18.75
185239,134499,87,1113,19.43
185338,134550,80,1153,18.93
184899,134483,83,1143,19.54
185329,134658,85,1133,19.47
185002,134626,76,1047,18.43
184990,134611,79,1150,17.4
185084,134651,80,1152,18.73
184952,134691,78,1153,19.55
184727,134646,87,1127,18.71
184810,134701,81,1081,19.13
184452,134584,87,1104,19.16
184531,134651,82,1153,18.63
184992,134642,74,1058,18.78
184791,134731,82,1124,18.73
185442,134919,86,1117,19.43
185728,135076,76,1121,19.13
185990,135057,82,1044,18.88
186046,135028,86,1079,19.43
185156,134625,80,961,18.67
184907,134106,81,1109,18.63
185448,134284,73,1067,18.9
185563,134277,76,1110,18.64
181298,132321,69,778,18.57
184017,133488,85,987,18.74
184358,133565,79,915,18.29
184534,133636,73,954,19.02
184563,133607,78,1035,18.77
184659,133667,71,931,18.2
184813,133706,86,1011,18.44
184916,133746,76,1022,18.8
185030,133761,85,1056,18.61
185136,133899,82,1075,18.69
185583,134073,74,1015,18.78
185686,134065,85,1017,18.96
185853,134186,80,1105,18.83
185213,133898,79,1102,18.87
185519,134111,81,1070,19.29
186293,134492,85,1088,18.98
186842,134662,86,1051,18.91
186873,134596,80,1053,19.32
186801,134421,83,1067,18.58
186923,134406,84,1076,19.24
187021,134471,75,1070,19.09
186900,134208,77,1065,18.74
186876,134108,84,1050,18.53
186770,133962,82,1056,18.57
186410,133841,80,1045,18.99
186112,133690,77,1040,18.93
185921,133607,75,1049,18.85
186176,133672,78,973,19.07
186281,133782,78,1014,19.31
186506,133834,85,1047,19.2
186992,134000,77,980,19.03
187248,134046,74,972,19.06
187415,133990,85,1077,18.62
187367,133946,81,983,18.92
187502,133957,82,921,18.41
187335,133820,75,970,19.23
187306,133845,81,963,19.22
187412,133838,82,961,18.33
187248,133801,75,918,18.83
186903,133671,83,966,18.46
186417,133596,80,963,18.47
186556,133709,70,878,18.58
187138,133838,83,901,19.01
187339,133818,80,960,19.2
187642,133938,80,914,18.26
187660,133943,82,951,18.83
187895,133957,79,941,19.04
187891,133837,74,912,18.92
187717,133673,82,912,18.24
187616,133561,77,893,18.46
187114,133242,71,923,18.65
187019,133213,86,899,19.04
186841,133074,73,906,18.85
186984,133206,79,943,18.84
186964,133255,80,838,18.94
187066,133353,83,913,18.25
187050,133383,80,913,18.85
187221,133411,75,877,18.82
188012,134113,71,880,18.31
187516,133821,69,865,18.51
184572,131872,82,855,18.22
185881,132617,80,832,18.77
187403,133433,70,930,18.66
186717,133140,76,859,18.84
187356,133378,80,965,18.49
187743,133481,76,973,18.92
187764,133372,80,923,18.32
187558,133033,76,966,18.41
187104,132845,74,959,17.32
187221,132904,78,998,18.4
187025,133006,81,912,19.1
186846,132857,77,955,18.23
186374,132685,73,950,18.65
186558,132780,79,917,18.65
186580,132843,73,968,19.07
189074,134195,73,855,18.3
188737,133916,73,750,17.79
189082,133767,78,883,18.28
189089,133806,76,887,18.18
188930,133567,74,832,18.74
188724,133461,76,880,18.47
188480,133296,73,889,18.69
188421,133303,75,885,18.08
188095,133180,82,859,18.49
188021,133234,80,863,18.69
187508,133097,69,867,18.81
187481,133101,72,885,18.5
187390,133162,75,821,18.55
187565,133194,72,870,18.96
187322,133245,70,867,18.8
187579,133328,78,848,18.36
187616,133410,80,843,18.22
186695,133057,76,657,18.01
187102,133671,73,674,18.43
187391,133710,68,653,17.85
188303,133960,83,976,18.94
189141,134169,70,587,17.44
189481,134287,65,619,17.54
189375,134237,77,634,17.44
188590,133677,74,660,18.14
187989,133367,62,587,18.02
187975,133380,91,624,17.45
187303,133225,74,658,18.46
187068,133221,68,667,18.0
186887,133199,70,684,17.87
186572,133160,72,628,18.15
186404,133116,67,627,17.72
186480,133206,70,599,18.03
186802,133328,63,497,17.67
186727,133271,60,464,16.9
187760,133788,66,528,17.54
188031,133910,73,560,17.43
187985,133807,67,585,16.9
187889,133840,72,569,17.22
188034,134063,70,581,18.02
187386,133725,66,538,17.78
187107,133699,68,563,17.56
187144,133742,63,511,17.18
186995,133583,70,589,17.39
187182,133876,73,649,18.07
188176,134180,71,688,18.56
188002,133963,76,634,18.01
188734,134387,77,688,18.35
188827,134440,69,713,17.93
188695,134373,76,690,17.61
188969,134381,78,710,18.17
188596,134145,69,695,18.51
188492,133986,67,679,17.99
188583,133955,67,660,17.71
187603,133517,76,662,18.36
187659,133554,66,738,18.69
186827,133177,66,629,17.85
186118,132863,67,597,16.64
185917,132921,67,563,17.59
187763,133824,69,673,17.54
187409,133718,76,599,17.64
187431,133836,71,689,18.01
187663,133853,78,703,18.29
187632,133683,73,573,18.2
187539,133609,70,592,17.58
188115,133642,66,635,18.09
187451,133249,69,511,17.65
185850,132608,61,470,17.47
187152,133495,71,447,17.21
186831,133252,69,429,17.13
186222,132945,67,439,17.59
186448,133077,72,469,17.07
186215,133028,73,699,17.75
186598,133354,71,688,17.98
186802,133451,68,673,18.22
186152,133355,73,687,16.16
186107,133401,72,688,17.69
186010,133337,78,699,18.04
186311,133599,71,678,18.04
186609,133630,69,687,17.68
186672,133599,77,675,17.54
186647,133693,70,675,18.5
186961,133752,68,656,18.37
187327,133900,71,645,17.94
186502,133580,64,652,18.19
186971,133471,68,526,17.72
188365,133999,69,576,18.21
186734,133070,66,663,18.48
183633,131914,59,265,16.57
186039,133158,70,503,17.8
186104,133159,63,427,16.67
186260,133199,63,401,16.68
186223,133192,70,344,17.03
187073,133693,61,473,17.47
188713,134371,63,609,17.74
188863,134072,63,609,18.19
188003,133535,72,661,18.14
187976,133578,69,637,18.32
188557,133910,75,659,18.25
186839,133241,59,321,16.19
186558,132924,68,325,17.06
187985,133539,61,430,17.46
186142,132749,54,429,16.77
187698,133232,60,414,16.61
184822,132170,56,291,16.36
184862,132385,58,292,16.23
185832,133069,61,423,16.72
186271,133227,69,423,16.83
187064,133446,72,452,17.84
185814,133055,69,405,16.89
184662,132527,60,509,17.91
183928,132795,46,511,17.45
185217,133080,63,565,17.23
185831,133300,65,578,18.02
186179,133353,66,500,17.59
186261,133349,68,466,17.7
185857,133133,77,436,17.47
185559,133072,63,448,17.49
185578,133020,58,506,17.04
185367,132891,70,483,17.66
185758,133100,68,498,17.34
185821,133093,73,550,17.7
185745,133088,61,522,17.85
185711,133015,74,510,17.66
185189,132638,70,562,17.33
185126,132711,72,511,17.8
184518,132639,64,525,17.21
184833,132881,69,543,17.7
184815,132932,67,535,17.64
184670,132956,64,549,17.35
184442,133033,60,301,16.88
184309,132892,68,450,16.84
185152,133130,69,483,17.72
185632,133259,61,448,17.23
186529,133311,64,496,17.75
186794,133428,64,385,17.27
187026,133400,68,304,16.33
186991,133075,64,435,16.17
186385,132647,61,290,16.23
187036,132835,64,450,17.23
187040,132705,71,596,18.16
185224,132331,75,545,17.9
185118,132544,71,477,17.44
184446,132335,69,534,17.78
183553,132520,70,357,17.05
183777,132842,66,453,17.01
183779,132864,57,330,16.61
182605,132694,57,336,17.07
182973,132772,62,336,16.61
182160,132878,67,320,16.53
183362,132945,62,297,16.65
181497,132296,58,240,16.38
182257,132812,58,18,11.06
186220,134277,76,975,18.94
185672,133947,85,1241,18.79
184643,133127,64,422,17.44
184039,132893,91,402,17.49
184142,133012,58,418,17.41
183781,132946,64,372,16.79
185187,133719,61,302,16.46
183573,132765,63,617,18.08
182686,132488,68,497,17.62
179924,131459,65,464,16.92
182928,133147,71,592,17.84
184117,133586,70,470,18.02
184153,133688,63,564,17.35
185654,134101,76,603,17.64
185913,134135,68,592,18.2
183328,133104,77,1183,18.85
163060,124311,85,1200,19.11
99795,86904,91,1655,19.9
203580,135999,77,632,17.54
196759,131352,81,1246,19.41
195327,130836,95,1809,19.77
183422,124610,98,1845,20.11
174319,118553,96,1963,20.41
211654,132969,58,30,11.48
212264,133046,62,69,13.11
213066,133342,52,75,13.93
213404,133515,52,67,13.41
213754,133659,62,63,13.16
214827,134322,53,54,13.13
215252,134682,62,48,12.68
215135,134664,60,48,12.88
215518,134927,58,38,12.52
216852,135772,57,47,12.44
217884,136574,23,51,12.41
220774,136600,60,272,16.02
221115,136933,62,247,15.84
221225,137086,61,229,13.96
220845,137022,53,222,15.78
219649,136171,57,56,13.49
219675,136190,61,119,14.42
218106,134854,54,111,14.39
218119,134947,57,197,16.07
218382,135161,63,192,15.7
218232,135087,54,192,15.08
216518,133437,57,202,15.38
216158,133352,59,205,15.39
216544,133591,59,128,15.17
216775,133737,54,137,14.49
216496,133696,61,141,15.05
216558,133657,62,133,15.23
216247,133372,61,112,14.34
216580,133648,54,112,14.66
216797,133895,53,113,14.21
216792,133905,53,115,14.96
216764,133871,59,115,14.39
217001,133927,57,104,14.68
217643,134287,55,102,14.61
216814,133754,52,91,13.56
216332,133450,53,93,14.48
215386,132456,60,82,14.09
212470,130266,54,70,13.82
215204,132247,51,70,14.0
28246,20658,57,16,10.66
184433,126153,60,398,17.31
182654,125049,66,384,17.15
183956,125529,62,423,16.82
185430,126174,63,409,17.26
184833,125996,62,401,17.33
185296,126157,66,420,17.15
185782,126495,63,421,17.12
186495,126782,48,378,16.53
186868,126877,66,430,17.48
187476,127075,66,383,16.91
187322,126998,61,483,17.71
187821,126982,61,465,17.52
187546,126878,66,464,17.1
187332,126653,94,461,17.29
186814,126362,61,470,17.56
187845,126653,64,478,17.65
187409,126503,65,473,16.94
187574,126454,65,493,17.1
187411,126566,68,472,17.53
187834,126593,63,489,17.76
188646,127115,70,489,17.1
188697,127077,61,483,17.0
188160,126864,60,491,17.37
187953,126611,66,497,17.35
188106,126653,62,498,17.28
187807,126511,71,507,17.87
189034,127189,71,497,17.01
188490,126992,74,495,17.31
190278,128001,63,431,17.21
188472,127432,74,549,17.72
190155,128138,66,624,18.04
188227,126700,69,720,18.37
187206,126344,75,723,17.84
184821,124884,68,653,17.66
182008,123117,72,654,17.68
181347,123138,70,698,18.21
181548,123184,74,723,17.98
185868,125466,75,653,17.84
186360,125570,75,651,17.6
186306,125561,74,651,18.28
186079,125219,67,656,17.65
186193,125397,71,647,16.52
184159,124194,75,629,18.24
184819,124604,71,656,18.44
179044,121326,73,705,17.99
182045,122897,67,722,18.18
181917,122893,75,732,18.51
179605,121183,75,823,18.49
181570,122474,77,752,18.55
180758,121784,80,800,18.33
180544,121412,75,803,18.57
181249,122003,42,772,18.24
183263,123336,78,772,17.88
182194,122591,77,744,18.63
182636,123185,76,752,18.36
183047,123240,68,709,17.63
183303,123402,75,743,18.0
183150,123569,73,735,18.43
183757,123853,68,741,18.22
185192,124694,73,725,18.08
183247,123271,70,851,18.47
182610,122939,75,804,18.37
182921,123339,69,735,17.81
177267,119207,77,725,18.0
176650,119235,76,801,18.83
169001,115194,74,775,18.75
170993,116294,80,803,18.51
172162,116856,74,919,18.87
179298,121727,74,863,18.66
179911,122145,79,867,18.35
180913,122753,82,910,18.62
181076,122890,74,865,18.68
181073,123002,73,869,18.3
181579,123431,74,875,18.63
182649,124127,81,853,18.41
182759,124079,70,870,18.5
182650,124169,79,861,18.35
182898,124191,79,861,18.85
184009,125193,68,823,18.25
184453,125293,71,848,18.55
184314,125289,73,852,18.11
183918,124988,75,817,18.24
183904,125021,70,842,18.75
184323,125178,75,825,18.36
179564,121955,76,907,18.62
179466,121762,70,874,18.97
178333,121297,82,894,18.47
179801,122159,70,906,17.74
178258,121667,76,899,18.17
180438,123231,73,855,18.23
180656,123678,77,890,19.05
181571,124217,70,891,19.08
181437,124299,78,891,18.91
180978,123768,75,876,18.44
178030,121741,83,878,18.23
179639,123050,84,923,18.3
180840,123896,74,889,18.16
181620,124406,77,902,18.31
180896,123821,73,919,18.23
180093,123277,83,891,18.57
179805,122822,75,862,18.16
179697,122927,77,862,18.92
179624,122887,71,849,18.06
178424,122030,81,908,19.11
178719,122310,80,913,18.82
179342,122827,83,882,18.69
179094,122686,107,925,18.75
179528,123059,72,974,18.31
181751,124676,73,883,18.16
182598,124976,78,883,18.84
182322,124943,72,879,18.31
182280,124914,81,902,18.91
182265,124746,96,897,18.48
182240,124870,74,897,20.12
184785,126318,74,898,18.4
183029,125235,82,879,18.77
182459,124845,79,886,18.2
181618,124370,81,864,18.72
181742,124426,80,879,17.23
182049,124671,76,868,18.46
179431,122867,71,841,18.53
181269,123913,76,892,18.41
181345,123911,72,912,18.78
181634,124120,81,916,18.46
181650,124294,83,912,18.22
181394,123991,74,896,18.52
181324,123913,81,903,18.34
180485,123179,43,939,18.35
179723,122855,75,932,18.48
179578,122933,83,941,18.29
179533,122882,75,954,19.12
179546,122960,79,886,18.49
179842,123259,76,913,18.24
187160,128255,72,866,18.85
186602,127868,76,923,18.7
188325,128577,81,923,18.71
187086,128007,88,965,18.91
186302,127793,78,954,18.25
184735,126950,80,954,18.97
184630,126768,77,928,18.27
184289,126848,74,945,18.4
184167,126473,78,931,18.73
183723,126363,84,945,18.49
183640,126428,78,919,18.44
183560,126238,77,926,18.9
182888,126063,72,913,18.18
183055,126108,75,935,18.71
183018,126034,77,890,18.47
182404,125749,83,925,18.37
182889,126253,83,944,19.06
182883,126273,83,929,18.48
182883,126229,82,862,18.96
182854,126197,75,874,18.65
182989,126310,72,910,19.03
182878,126246,79,930,18.44
182995,126353,70,917,18.32
183420,126560,78,935,18.41
183454,126623,79,869,18.45
183832,126948,70,899,19.08
183552,126607,79,927,18.26
183481,126660,72,911,18.22
184454,127255,82,889,18.12
184186,126430,73,934,18.39
183852,126830,72,939,18.91
184006,126858,73,901,18.4
183912,126866,74,957,18.95
184143,126662,85,981,18.91
182706,126391,75,958,18.72
185305,127730,72,963,18.56
184995,127623,80,949,18.82
184994,127497,82,991,19.21
184950,127558,83,974,18.57
184819,127441,72,927,18.5
184988,127446,74,953,19.03
184219,126781,81,976,18.41
183371,126425,76,960,19.09
183638,126691,84,1006,18.86
183765,126666,73,949,19.21
183637,126535,78,910,18.91
184132,127217,84,925,18.39
183661,126824,72,899,18.82
183491,126786,75,919,18.44
183500,126602,78,937,19.18
183283,126511,74,938,18.96
183107,126397,77,943,18.93
179639,124294,82,874,18.96
179241,123678,81,931,18.37
179571,123988,82,957,18.44
181568,125142,75,993,18.65
182148,125575,77,946,18.26
182433,125597,82,967,18.92
182569,125742,76,944,18.44
182288,125423,79,975,18.64
182663,125637,77,898,18.93
182971,125718,83,943,18.25
182656,125537,78,933,18.71
182394,125443,71,893,18.63
182743,125648,83,1002,18.76
182146,125454,82,1008,18.39
182329,125516,77,1002,18.72
182076,125541,71,951,18.42
182025,125513,82,1010,18.81
182367,125407,76,976,19.05
182222,125540,84,1007,18.99
182359,125576,78,1008,18.94
182321,125508,79,1012,18.69
182441,125691,72,945,17.31
182538,125608,78,944,19.18
182419,125604,84,1000,19.19
182540,125504,74,1019,18.98
182672,125630,84,1007,18.91
182602,125583,81,983,18.88
182459,125314,84,1001,18.48
182236,125018,74,971,18.75
181731,124497,78,946,19.02
176333,121557,80,1007,19.03
183631,125918,85,1073,19.26
184964,126816,76,1040,18.5
184805,126608,81,1055,18.76
184604,126490,75,1008,18.73
184660,126535,73,1023,18.91
184913,126767,80,1062,19.1
185060,126679,80,1061,17.56
185004,126772,84,1063,18.96
185281,126785,78,1008,20.04
184929,126527,76,1053,19.17
184811,126401,75,1035,19.37
185484,126703,77,975,18.44
185465,126836,81,1015,19.21
185678,126746,83,1011,18.57
185768,126969,77,967,18.4
185647,126820,82,1023,19.34
185177,126328,78,1023,19.13
184580,126071,93,1007,18.6
184656,126006,81,987,19.25
184743,125929,75,987,18.84
183479,125604,82,1008,19.21
183479,125526,81,997,19.15
183674,125489,73,997,18.77
183369,125635,74,949,18.9
183446,125553,76,959,18.37
182982,125287,82,961,18.76
182578,125284,82,978,18.59
183156,125605,80,946,19.08
183175,125583,75,914,18.82
183190,125362,75,931,18.81
183464,125680,71,948,18.77
183628,125571,75,944,18.82
183502,125792,72,965,18.66
183686,125856,77,977,18.95
183912,125857,83,988,18.3
184894,126337,78,1039,19.33
185539,126754,85,989,18.9
185510,126948,75,950,18.68
185518,127001,73,1005,18.75
185393,126839,73,983,18.31
184351,126394,77,1057,19.11
185439,126687,80,938,19.05
184793,126419,79,887,18.49
184399,126074,49,944,18.72
184599,126254,80,941,18.69
184824,126215,75,880,18.86
184821,126174,71,946,18.22
184586,126142,85,957,18.6
184620,126098,73,933,18.73
184564,126049,73,835,18.33
184379,125858,81,935,18.61
184227,125891,71,915,18.19
184171,125844,71,880,18.27
184358,126014,77,895,18.7
183963,125790,52,917,18.27
183668,125568,78,891,18.69
184670,126118,80,925,19.15
183840,125850,80,933,18.58
184226,125984,72,926,18.27
184227,125930,74,894,18.74
180461,123873,73,976,19.16
180047,123702,79,951,18.34
180693,124052,80,938,18.94
181782,124761,81,944,18.34
181869,124765,81,912,19.02
181999,124710,85,982,18.58
181202,124207,80,912,18.94
181054,124147,82,900,18.54
180682,123901,74,892,18.2
181616,124582,73,915,18.66
181083,124262,73,880,17.95
181099,124255,73,911,18.58
180454,123766,78,853,18.42
180755,123987,74,822,18.88
179504,122998,80,848,18.19
178729,122417,80,880,18.75
178654,122357,71,899,18.7
179318,122801,70,909,18.69
179765,122942,73,866,18.25
179368,122722,74,929,18.7
178894,122630,77,883,18.57
179577,122701,57,895,18.11
179476,122802,69,859,18.74
179269,122759,74,902,19.07
179687,122864,81,887,18.69
180086,123047,81,885,18.15
184322,125625,73,897,19.02
182877,124791,77,852,18.47
181832,124144,72,849,18.17
182035,124368,81,894,18.27
182517,124506,71,855,18.06
182731,124690,77,885,18.54
182997,124871,73,905,18.87
183486,125165,79,880,19.01
184069,125625,75,874,18.09
184006,125502,74,883,19.06
183949,125615,72,878,18.5
183977,125565,73,821,18.76
183493,125190,71,877,17.3
183368,125135,70,832,18.67
183655,125301,72,877,18.48
182860,124566,69,882,18.75
183187,124886,76,883,18.15
183413,124917,57,880,19.06
183277,124959,82,857,18.53
183709,125120,83,886,18.45
183955,125161,77,843,18.29
183834,125106,76,878,18.94
183670,124978,77,848,18.21
183672,124993,80,880,18.55
183447,124720,71,881,19.81
183094,124720,80,881,18.84
183100,124844,70,869,18.99
183231,124739,82,859,18.47
183024,124593,73,805,18.14
184949,125870,70,842,18.92
182079,123827,80,911,18.65
181861,123971,82,934,18.96
181107,123679,63,898,19.05
181008,123606,70,917,18.99
181271,123832,78,918,19.12
181646,124165,76,905,18.42
181126,123794,73,912,19.08
182010,124461,81,923,18.82
182108,124461,82,929,18.82
182240,124533,76,873,18.86
181539,124086,78,912,18.22
182620,124840,71,893,18.34
182755,125003,70,887,20.46
182031,124489,83,873,18.75
183080,125296,110,869,18.75
183128,125310,81,816,18.68
182859,125321,73,890,18.58
183403,125553,76,875,18.67
183296,125555,71,861,18.64
183636,125719,72,863,18.11
183454,125713,71,887,18.75
182884,125222,72,873,19.04
182970,125387,79,868,18.23
183040,125406,75,842,18.09
183052,125355,70,865,18.77
183379,125453,80,879,18.53
183810,125544,82,834,18.13
184309,125840,76,879,18.48
189023,129062,75,854,18.2
187537,128191,73,816,18.83
187395,128031,76,912,18.73
188036,128535,75,909,18.71
189015,128941,72,896,18.45
187959,128418,69,866,18.47
0,127262,70,848,18.5
185542,127617,83,918,18.85
185921,127641,73,897,18.78
187447,128552,77,880,18.17
187570,128667,78,913,18.57
187736,128755,73,882,18.53
187900,128705,74,867,18.86
187855,128626,78,914,18.26
188710,129006,77,906,18.36
188973,129184,70,894,18.36
189182,129255,72,944,18.78
187086,127824,79,912,18.75
191195,130094,74,950,18.12
190775,129728,110,1039,18.45
190631,129937,72,1010,18.88
191286,130116,86,1023,19.08
193511,131122,79,951,18.32
192075,130311,80,1037,18.65
190974,129620,83,1023,19.11
188846,128411,77,1063,18.78
186557,127160,78,1105,18.87
186217,127112,89,1155,18.81
186459,127152,75,1013,18.87
186294,127429,79,1069,18.8
184963,126791,75,1047,20.05
184007,125916,79,1023,19.24
183361,125111,78,976,18.46
185734,126918,80,1034,18.85
185427,126675,86,1022,18.91
186006,127095,75,1053,18.45
186389,127561,81,1070,19.01
187154,128004,85,1055,18.98
186220,127860,79,991,18.78
188384,129005,83,1053,19.31
188289,128811,72,1005,18.34
187620,128455,75,1050,18.86
187315,128594,77,1083,18.93
187166,128539,82,1062,19.21
186666,128220,86,1042,18.65
186834,128269,79,1081,18.97
186686,127989,76,1041,18.5
186404,127885,76,1062,18.67
186188,127660,78,1072,20.24
186291,127753,103,1074,19.42
186534,127851,75,1064,19.39
186405,127634,86,1059,19.04
185768,127415,81,998,18.94
185594,127187,78,1138,19.11
187487,128100,73,927,19.61
186856,128347,73,962,18.46
0,127388,81,967,19.08
186890,128506,84,957,18.44
191835,131657,87,1088,18.72
191103,130994,75,1040,19.04
191591,131196,75,1013,18.66
191724,131160,74,1037,18.43
190333,130209,73,1015,18.38
190062,130131,87,1060,19.22
189999,129975,84,1046,18.76
185353,127898,69,627,17.82
184989,127798,65,653,17.71
183552,127534,72,658,17.72
184746,128067,66,679,17.64
185334,128301,64,683,18.39
185577,128496,77,656,17.54
186146,128667,68,664,17.83
184978,128072,70,656,18.14
188397,129880,49,701,18.22
189345,130411,69,676,18.26
189199,130276,69,691,18.47
188970,130363,75,698,17.62
189199,130283,65,689,19.4
189167,130454,79,713,17.67
189041,130230,77,672,18.32
189269,130482,67,688,18.49
189263,130368,65,675,18.01
189313,130567,65,691,16.98
188277,129743,66,663,18.06
186172,128295,70,653,17.78
187320,129141,75,677,17.63
186508,128530,65,640,17.97
186762,128716,66,663,18.05
186776,128655,70,658,18.35
186594,128519,66,645,18.23
187132,128821,77,651,18.34
186981,128725,75,662,18.47
186876,128524,73,660,18.29
186306,128441,77,633,17.81
186380,128351,71,656,18.02
187392,128978,71,656,17.58
187583,129254,70,656,19.41
187826,129349,70,638,17.69
187427,129176,70,651,18.31
190354,131002,69,686,18.1
190536,131055,93,673,17.59
190850,131229,65,661,18.38
190824,131015,75,643,18.39
191344,131256,70,628,17.78
191471,131223,72,688,18.15
191531,131073,66,668,18.23
190488,130347,81,859,18.33
189688,129921,76,816,18.52
191017,130587,76,869,18.74
191314,131143,77,858,18.89
191274,131077,77,848,18.87
190173,130245,72,847,18.9
190250,130219,78,881,18.73
190791,130714,107,880,18.6
0,130530,77,801,18.04
0,130293,74,811,18.21
0,128439,70,801,18.5
182406,130235,65,709,18.13
189490,134631,88,1209,19.21
195129,143013,59,365,16.43
194312,142662,59,398,15.23
193830,142527,77,927,19.11
193629,142062,75,895,18.1
194094,142258,51,833,18.05
194617,142041,79,781,17.95
190141,139936,72,767,18.75
1018,684,80,1031,18.97
190938,135262,70,599,17.96
195329,135390,75,986,19.18
195696,135156,74,1023,18.51
195378,135020,64,958,18.99
192608,133750,66,632,17.65
188354,130348,75,878,18.18
188806,130554,73,899,18.62
188862,130451,74,885,18.58
188918,130484,103,873,18.3
189010,130622,75,752,18.19
188820,130513,79,821,18.6
191156,131742,77,896,18.85
191265,132220,72,865,18.31
192282,132551,76,875,18.3
188469,131623,71,836,18.03
188910,131472,76,831,18.73
189769,131436,72,816,18.69
189697,131193,80,799,18.39
188197,0,69,857,18.41
186296,129505,69,818,18.1
188043,130445,71,845,18.44
188287,130626,70,816,18.25
187740,130353,77,793,18.21
187614,130297,77,806,18.12
187442,130253,72,798,18.44
187220,130152,75,784,17.97
187177,130143,67,786,17.97
186669,129976,70,786,18.3
186846,130461,76,771,18.33
186883,130516,72,775,18.55
187266,130691,73,780,17.86
187699,130894,73,767,18.69
187573,130811,75,776,18.26
187660,130692,70,774,17.91
187744,130794,78,791,18.84
186134,129972,77,795,18.24
188124,130417,80,770,18.18
188842,130717,79,779,18.26
189611,131225,67,764,18.65
190099,131458,74,774,17.92
189776,131329,72,789,18.14
189696,131258,77,768,18.22
189813,131306,71,762,17.9
189931,131335,76,749,17.87
189686,131155,77,751,18.07
